title,release_date,date_sh,dir_value,dbr_value,total_revenue,total_reserved_seats,total_seats,cumulative_revenue,cumulative_reserved,avg_price,occupancy_rate,dod_revenue_change,dod_reserved_change,calculated_at
Dune: Part Two,2024-03-01,2024-02-19,-11,-13,4819.0,236,1508,4819.0,236,32.53,14.058355437665782,,,2025-11-06T20:21:16.624824+00:00
Dune: Part Two,2024-03-01,2024-02-25,-5,-5,0.0,670,712,4819.0,906,,94.10112359550563,,,2025-11-06T20:21:16.626312+00:00
Dune: Part Two,2024-03-01,2024-02-29,-1,-34,17499829.98,1045468,6289590,17504648.98,1046374,58.58,2.3734237306046833,,,2025-11-06T20:21:16.701452+00:00
Dune: Part Two,2024-03-01,2024-03-01,1,-34,32703715.66,2046962,10681866,50208364.64,3093336,66.32,1.2054112120806655,-92.23479552913919,-93.33045105158646,2025-11-06T20:21:16.779811+00:00
Dune: Part Two,2024-03-01,2024-03-02,2,-34,45384193.94,2929540,11139334,95592558.58,6022876,69.96,1.0791947130927182,-96.32569738407516,-96.90145689074834,2025-11-06T20:21:16.861532+00:00
Dune: Part Two,2024-03-01,2024-03-03,3,-34,24291897.62,1555407,10444034,119884456.2,7578283,70.74,0.5112334116709938,-98.83230412618848,-99.06408514647352,2025-11-06T20:21:16.942709+00:00
Dune: Part Two,2024-03-01,2024-03-04,4,-3,0.0,0,282,119884456.2,7578283,13.49,0.0,-100.0,-100.0,2025-11-06T20:21:16.944997+00:00
Dune: Part Two,2024-03-01,2024-03-07,7,-30,5568667.88,331382,5314796,125453124.08,7909665,65.19,0.18059668601685064,,,2025-11-06T20:21:17.015427+00:00
Dune: Part Two,2024-03-01,2024-03-08,8,-30,10276443.43,633745,4549171,135729567.51,8543410,74.8,0.4571942535677883,-98.29794008952737,-98.7432645765653,2025-11-06T20:21:17.088572+00:00
Dune: Part Two,2024-03-01,2024-03-09,9,-30,16366860.77,1050447,4623258,152096428.28,9593857,74.08,0.8113661345167021,-98.42589213757229,-98.84051487416097,2025-11-06T20:21:17.161721+00:00
Dune: Part Two,2024-03-01,2024-03-10,10,-30,11728011.69,758800,4358756,163824439.97,10352657,77.47,0.42249261517844805,-99.52001971373787,-99.6745003515115,2025-11-06T20:21:17.243157+00:00
Dune: Part Two,2024-03-01,2024-03-13,13,,2780438.99,183678,2141192,166604878.96,10536335,40.09,1.166310309565864,,,2025-11-05T13:44:54.328808+00:00
Dune: Part Two,2024-03-01,2024-03-14,14,-11,3227560.65,202561,3004798,169832439.61,10738896,62.41,0.4729868943214698,-98.6824958169645,-99.13762127200863,2025-11-06T20:21:17.276524+00:00
Dune: Part Two,2024-03-01,2024-03-15,15,-11,5593026.18,355568,2965652,175425465.79,11094464,71.02,1.0712220556094598,-98.37730919483354,-98.90147441631406,2025-11-06T20:21:17.306099+00:00
Dune: Part Two,2024-03-01,2024-03-16,16,-11,8261609.25,537198,3086713,183687075.04,11631662,71.44,1.5156080235923564,-98.65683399587104,-99.05391542231847,2025-11-06T20:21:17.335965+00:00
Dune: Part Two,2024-03-01,2024-03-17,17,-11,5851784.66,389085,2858273,189538859.7,12020747,71.45,1.2626949945831132,-99.34265784053405,-99.55386437175203,2025-11-06T20:21:17.365520+00:00
Dune: Part Two,2024-03-01,2024-03-21,21,-4,1258867.35,83485,1030554,190797727.05,12104232,55.05,1.22326703836232,,,2025-11-06T20:21:17.378642+00:00
Dune: Part Two,2024-03-01,2024-03-22,22,-4,2887142.19,189359,1468569,193684869.24,12293591,116.28,0.0,-100.0,-100.0,2025-11-06T20:21:17.392165+00:00
Dune: Part Two,2024-03-01,2024-03-23,23,-4,5036132.1,342380,1524987,198721001.34,12635971,113.84,,-100.0,-100.0,2025-11-06T20:21:17.405858+00:00
Dune: Part Two,2024-03-01,2024-03-24,24,-4,3595694.36,247511,1449961,202316695.7,12883482,99.87,,-100.0,-100.0,2025-11-06T20:21:17.419995+00:00
Dune: Part Two,2024-03-01,2024-03-27,27,,1138120.41,78742,913270,203454816.11,12962224,77.05,0.0,,,2025-11-05T13:44:54.853063+00:00
Dune: Part Two,2024-03-01,2024-03-28,28,,1165958.02,80253,729002,204620774.13,13042477,100.79,0.0,-100.0,-100.0,2025-11-05T13:44:54.908638+00:00
Dune: Part Two,2024-03-01,2024-03-29,29,,2340755.43,164776,1036618,206961529.56,13207253,93.66,,-100.0,-100.0,2025-11-05T13:44:54.959365+00:00
Dune: Part Two,2024-03-01,2024-03-30,30,,2891698.8,208864,1047341,209853228.36,13416117,91.95,,-100.0,-100.0,2025-11-05T13:44:55.012407+00:00
Dune: Part Two,2024-03-01,2024-03-31,31,,1930029.96,138578,1027435,211783258.32,13554695,95.54,,-100.0,-100.0,2025-11-05T13:44:55.067792+00:00
Dune: Part Two,2024-03-01,2024-04-04,35,,708639.2,50121,788090,212491897.52,13604816,110.11,,,,2025-11-05T13:44:55.121222+00:00
Dune: Part Two,2024-03-01,2024-04-05,36,,1252668.98,87521,806819,213744566.5,13692337,100.11,4.807692307692308,-99.98871075718081,-99.99002414157738,2025-11-05T13:44:55.154639+00:00
Dune: Part Two,2024-03-01,2024-04-06,37,,1955681.63,140116,843917,215700248.13,13832453,114.7,0.0,-100.0,-100.0,2025-11-05T13:44:55.192550+00:00
Dune: Part Two,2024-03-01,2024-04-07,38,,1405815.22,102015,784105,217106063.35,13934468,100.93,0.0,-100.0,-100.0,2025-11-05T13:44:55.230291+00:00
Dune: Part Two,2024-03-01,2024-04-08,39,,392101.99,28980,501993,217498165.34,13963448,110.91,0.4095004095004095,-99.98585162564964,-99.99019751997255,2025-11-05T13:44:55.268260+00:00
Dune: Part Two,2024-03-01,2024-04-10,41,,501324.94,35927,482223,217999490.28,13999375,111.49,0.6295399515738499,,,2025-11-05T13:44:55.309009+00:00
Dune: Part Two,2024-03-01,2024-04-11,42,,431426.93,31204,540359,218430917.21,14030579,122.38,0.0,-100.0,-100.0,2025-11-05T13:44:55.355840+00:00
Dune: Part Two,2024-03-01,2024-04-12,43,,716142.21,51714,479398,219147059.42,14082293,83.84,2.7777777777777777,-99.99351454486164,-99.99359056531215,2025-11-05T13:44:55.389224+00:00
Dune: Part Two,2024-03-01,2024-04-13,44,,1155256.17,85795,510461,220302315.59,14168088,89.74,,-100.0,-100.0,2025-11-05T13:44:55.420040+00:00
Dune: Part Two,2024-03-01,2024-04-14,45,,752922.63,57816,489187,221055238.22,14225904,78.01,,-100.0,-100.0,2025-11-05T13:44:55.453522+00:00
Dune: Part Two,2024-03-01,2024-04-15,46,,185978.12,14666,383520,221241216.34,14240570,68.59,,-100.0,-100.0,2025-11-05T13:44:55.488010+00:00
Dune: Part Two,2024-03-01,2024-04-18,49,,238371.69,17152,412425,221479588.03,14257722,69.82,,,,2025-11-05T13:44:55.519607+00:00
Dune: Part Two,2024-03-01,2024-04-19,50,,492679.3,33898,457133,221972267.33,14291620,94.97,0.5903187721369539,-99.91819498364089,-99.94169776119402,2025-11-05T13:44:55.551418+00:00
Dune: Part Two,2024-03-01,2024-04-20,51,,812880.98,58140,477616,222785148.31,14349760,92.55,0.47225501770956313,-99.96833640057538,-99.9763997875981,2025-11-05T13:44:55.583130+00:00
Dune: Part Two,2024-03-01,2024-04-21,52,,537688.35,39228,447756,223322836.66,14388988,125.07,0.0,-100.0,-100.0,2025-11-05T13:44:55.624827+00:00
Dune: Part Two,2024-03-01,2024-04-22,53,,158372.58,11112,285063,223481209.24,14400100,108.86,0.0,-100.0,-100.0,2025-11-05T13:44:55.665130+00:00
Dune: Part Two,2024-03-01,2024-04-24,55,,161013.76,11856,279635,223642223.0,14411956,82.05,1.078167115902965,,,2025-11-05T13:44:55.702495+00:00
Dune: Part Two,2024-03-01,2024-04-25,56,,157403.61,10480,249679,223799626.61,14422436,99.12,1.4035087719298245,-99.9031138705164,-99.93252361673414,2025-11-05T13:44:55.753107+00:00
Dune: Part Two,2024-03-01,2024-04-26,57,,307437.49,19650,387991,224107064.1,14442086,80.98,1.6458932566315116,-98.26459507504308,-99.0171755725191,2025-11-05T13:44:55.794260+00:00
Dune: Part Two,2024-03-01,2024-04-27,58,,530347.38,34988,385653,224637411.48,14477074,79.77,2.201338825952626,-98.61550066649322,-99.12977099236642,2025-11-05T13:44:55.840007+00:00
Dune: Part Two,2024-03-01,2024-04-28,59,,376129.73,24977,351657,225013541.21,14502051,79.45,2.499586161231584,-99.29716443588352,-99.56842345947182,2025-11-05T13:44:55.884984+00:00
Dune: Part Two,2024-03-01,2024-04-29,60,,131552.07,8379,225900,225145093.28,14510430,87.97,0.49294577596464384,-99.79917833136987,-99.88389318172719,2025-11-05T13:44:55.932720+00:00
Dune: Part Two,2024-03-01,2024-05-01,62,,116337.95,7733,191893,225261431.23,14518163,91.15,1.3217866909753875,,,2025-11-05T13:44:55.982634+00:00
Dune: Part Two,2024-03-01,2024-05-02,63,,85108.91,6016,149323,225346540.14,14524179,95.52,1.4583333333333333,-99.86467872263522,-99.90947885684727,2025-11-05T13:44:56.036535+00:00
Dune: Part Two,2024-03-01,2024-05-03,64,,119139.01,8368,101155,225465679.15,14532547,52.8,0.0,-100.0,-100.0,2025-11-05T13:44:56.047614+00:00
Dune: Part Two,2024-03-01,2024-05-04,65,,190480.73,13793,105675,225656159.88,14546340,61.05,0.0,-100.0,-100.0,2025-11-05T13:44:56.061026+00:00
Dune: Part Two,2024-03-01,2024-05-05,66,,149459.89,11074,98324,225805619.77,14557414,64.07,0.0,-100.0,-100.0,2025-11-05T13:44:56.076563+00:00
Dune: Part Two,2024-03-01,2024-05-06,67,,45769.54,3433,81088,225851389.31,14560847,39.33,0.143773501437735,-99.79419896535452,-99.76521582084162,2025-11-05T13:44:56.092120+00:00
Dune: Part Two,2024-03-01,2024-05-08,69,,44547.55,3332,78124,225895936.86,14564179,43.3,0.12780719371918933,,,2025-11-05T13:44:56.111397+00:00
Dune: Part Two,2024-03-01,2024-05-09,70,,33690.87,2552,68255,225929627.73,14566731,58.62,1.8518518518518516,-99.92816664440582,-99.93997599039616,2025-11-05T13:44:56.136111+00:00
Dune: Part Two,2024-03-01,2024-05-10,71,,59838.04,4330,60160,225989465.77,14571061,37.22,0.19874342864469804,-98.6961749577853,-98.78526645768025,2025-11-05T13:44:56.144936+00:00
Dune: Part Two,2024-03-01,2024-05-11,72,,92709.62,6939,63991,226082175.39,14578000,44.27,0.07260582298700356,-99.78699168622501,-99.76905311778292,2025-11-05T13:44:56.155959+00:00
Dune: Part Two,2024-03-01,2024-05-12,73,,73052.98,5737,61886,226155228.37,14583737,44.87,0.1366906474820144,-99.72478584207335,-99.72618532929816,2025-11-05T13:44:56.169175+00:00
Dune: Part Two,2024-03-01,2024-05-13,74,,25374.46,1951,51698,226180602.83,14585688,38.54,0.12508419128259407,-99.7947380106876,-99.77340073208994,2025-11-05T13:44:56.184641+00:00
Dune: Part Two,2024-03-01,2024-05-15,76,,28624.06,2156,50480,226209226.89,14587844,44.01,0.12319063751154913,,,2025-11-05T13:44:56.204141+00:00
Dune: Part Two,2024-03-01,2024-05-16,77,,20939.99,1606,42631,226230166.88,14589450,36.66,0.7238883143743536,-99.26586235495594,-99.35064935064936,2025-11-05T13:44:56.226524+00:00
Dune: Part Two,2024-03-01,2024-05-17,78,,31832.48,2300,29622,226261999.36,14591750,36.15,0.1818945011893102,-99.14245422275752,-99.19053549190535,2025-11-05T13:44:56.236289+00:00
Dune: Part Two,2024-03-01,2024-05-18,79,,54663.62,4068,31150,226316662.98,14595818,42.55,0.2474430880897394,-99.28506984061562,-99.34782608695653,2025-11-05T13:44:56.248517+00:00
Dune: Part Two,2024-03-01,2024-05-19,80,,35117.75,2662,28475,226351780.73,14598480,45.27,0.10262725779967159,-99.90672041112536,-99.87708947885939,2025-11-05T13:44:56.263485+00:00
Dune: Part Two,2024-03-01,2024-05-20,81,,16599.43,1237,25829,226368380.16,14599717,41.84,0.12695725772323319,-99.8106940222537,-99.77460555972952,2025-11-05T13:44:56.280698+00:00
Dune: Part Two,2024-03-01,2024-05-22,83,,13764.88,1052,25100,226382145.04,14600769,44.14,0.16678579938050989,,,2025-11-05T13:44:56.302275+00:00
Dune: Part Two,2024-03-01,2024-05-23,84,,9835.34,759,16311,226391980.38,14601528,35.34,0.93603744149766,-99.5415869953098,-99.42965779467681,2025-11-05T13:44:56.326855+00:00
Dune: Part Two,2024-03-01,2024-05-24,85,,9516.08,721,8699,226401496.46,14602249,37.54,0.0,-100.0,-100.0,2025-11-05T13:44:56.336510+00:00
Dune: Part Two,2024-03-01,2024-05-25,86,,14096.32,1070,8614,226415592.78,14603319,42.81,0.0,-100.0,-100.0,2025-11-05T13:44:56.348645+00:00
Dune: Part Two,2024-03-01,2024-05-26,87,,14341.0,1107,8737,226429933.78,14604426,44.74,0.11355034065102196,-99.75050225874554,-99.7196261682243,2025-11-05T13:44:56.363122+00:00
Dune: Part Two,2024-03-01,2024-05-27,88,,14667.64,1190,7752,226444601.42,14605616,49.18,0.08410428931875526,-99.91639355693466,-99.9096657633243,2025-11-05T13:44:56.380422+00:00
Dune: Part Two,2024-03-01,2024-05-29,90,,5547.94,422,8482,226450149.36,14606038,38.7,0.4058441558441558,,,2025-11-05T13:44:56.402030+00:00
Dune: Part Two,2024-03-01,2024-05-30,91,,3831.58,297,6809,226453980.94,14606335,40.65,0.0,-100.0,-100.0,2025-11-05T13:44:56.426488+00:00
Dune: Part Two,2024-03-01,2024-05-31,92,,3539.65,253,4904,226457520.59,14606588,30.68,0.05762028233938346,-99.06096179643906,-99.32659932659934,2025-11-05T13:44:56.433702+00:00
Dune: Part Two,2024-03-01,2024-06-01,93,,6978.5,495,5219,226464499.09,14607083,33.63,0.30102347983142685,-95.28484454677722,-96.04743083003953,2025-11-05T13:44:56.443323+00:00
Dune: Part Two,2024-03-01,2024-06-02,94,,6104.86,478,5243,226470603.95,14607561,39.15,0.09702457956015524,-99.26244895034749,-99.39393939393939,2025-11-05T13:44:56.455581+00:00
Dune: Part Two,2024-03-01,2024-06-03,95,,2309.54,161,4668,226472913.49,14607722,31.57,0.23696682464454977,-98.82093938272132,-98.74476987447699,2025-11-05T13:44:56.468884+00:00
Dune: Part Two,2024-03-01,2024-06-05,97,,3007.34,219,4471,226475920.83,14607941,40.72,0.1890359168241966,,,2025-11-05T13:44:56.485958+00:00
Dune: Part Two,2024-03-01,2024-06-06,98,,1510.73,107,2953,226477431.56,14608048,31.13,0.1890359168241966,-99.4014644170596,-99.08675799086758,2025-11-05T13:44:56.505824+00:00
Dune: Part Two,2024-03-01,2024-06-07,99,,1201.31,80,1746,226478632.87,14608128,39.22,,-100.0,-100.0,2025-11-05T13:44:56.514654+00:00
Dune: Part Two,2024-03-01,2024-06-08,100,,1682.51,121,1792,226480315.38,14608249,42.43,,-100.0,-100.0,2025-11-05T13:44:56.525710+00:00
Dune: Part Two,2024-03-01,2024-06-09,101,,1202.94,85,1740,226481518.32,14608334,35.28,,-100.0,-100.0,2025-11-05T13:44:56.538915+00:00
Dune: Part Two,2024-03-01,2024-06-11,103,,1455.21,110,1953,226482973.53,14608444,36.22,,,,2025-11-05T13:44:56.555971+00:00
Dune: Part Two,2024-03-01,2024-06-12,104,,1297.49,83,1745,226484271.02,14608527,43.89,,-100.0,-100.0,2025-11-05T13:44:56.575815+00:00
Dune: Part Two,2024-03-01,2024-06-13,105,,418.12,34,1025,226484689.14,14608561,38.02,0.0,-100.0,-100.0,2025-11-05T13:44:56.586806+00:00
Dune: Part Two,2024-03-01,2024-06-14,106,,75.0,6,399,226484764.14,14608567,33.33,0.0,-100.0,-100.0,2025-11-05T13:44:56.593495+00:00
Dune: Part Two,2024-03-01,2024-06-15,107,,75.0,6,399,226484839.14,14608573,25.0,0.0,-100.0,-100.0,2025-11-05T13:44:56.597838+00:00
Dune: Part Two,2024-03-01,2024-06-16,108,,50.0,4,399,226484889.14,14608577,25.0,0.0,-100.0,-100.0,2025-11-05T13:44:56.602153+00:00
Dune: Part Two,2024-03-01,2024-06-17,109,,37.5,3,266,226484926.64,14608580,25.0,0.0,-100.0,-100.0,2025-11-05T13:44:56.606479+00:00
Dune: Part Two,2024-03-01,2024-06-18,110,,96.0,12,399,226485022.64,14608592,22.67,0.0,-100.0,-100.0,2025-11-05T13:44:56.613011+00:00
Dune: Part Two,2024-03-01,2024-06-19,111,,162.5,13,399,226485185.14,14608605,25.0,0.0,-100.0,-100.0,2025-11-05T13:44:56.617340+00:00
Dune: Part Two,2024-03-01,2024-06-20,112,,187.5,15,399,226485372.64,14608620,25.0,0.0,-100.0,-100.0,2025-11-05T13:44:56.621653+00:00
Dune: Part Two,2024-03-01,2024-10-20,234,,10182.79,421,556,226495555.43,14609041,31.96,76.72413793103449,,,2025-11-05T13:44:56.641144+00:00
Dune: Part Two,2024-03-01,2024-10-21,235,,10210.26,424,597,226505765.69,14609465,24.96,71.50442477876106,-4.1916802762307945,-4.038004750593824,2025-11-05T13:44:56.661299+00:00
Dune: Part Two,2024-03-01,2024-10-22,236,,8377.96,354,521,226514143.65,14609819,24.04,73.6501079913607,-21.11278263237175,-19.57547169811321,2025-11-05T13:44:56.683747+00:00
Dune: Part Two,2024-03-01,2024-10-23,237,,13396.29,539,930,226527539.94,14610358,21.29,70.79856972586413,75.74970517882636,67.79661016949152,2025-11-05T13:44:56.708267+00:00
Dune: Part Two,2024-03-01,2025-01-03,309,,276.23,23,183,226527816.17,14610381,28.62,1.7543859649122806,,,2025-11-05T13:44:56.714643+00:00
Dune: Part Two,2024-03-01,2025-01-04,310,,336.28,28,118,226528152.45,14610409,20.59,6.779661016949152,-65.21739130434784,-65.21739130434783,2025-11-05T13:44:56.718990+00:00
Dune: Part Two,2024-03-01,2025-01-05,311,,228.19,19,106,226528380.64,14610428,20.86,,-100.0,-100.0,2025-11-05T13:44:56.725511+00:00
Dune: Part Two,2024-03-01,2025-01-06,312,,168.14,14,157,226528548.78,14610442,15.67,,-100.0,-100.0,2025-11-05T13:44:56.734212+00:00
Dune: Part Two,2024-03-01,2025-01-07,313,,84.07,7,106,226528632.85,14610449,15.44,4.716981132075472,-64.28571428571428,-64.28571428571429,2025-11-05T13:44:56.738479+00:00
Dune: Part Two,2024-03-01,2025-01-08,314,,84.07,7,106,226528716.92,14610456,15.44,4.716981132075472,-28.57142857142857,-28.57142857142857,2025-11-05T13:44:56.742779+00:00
Dune: Part Two,2024-03-01,2025-01-23,329,,0.0,0,39,226528716.92,14610456,6.0,0.0,,,2025-11-05T13:44:56.745022+00:00
Dune: Part Two,2024-03-01,2025-01-24,330,,2378.09,351,7849,226531095.01,14610807,15.74,0.7583170254403131,,,2025-11-05T13:44:56.751257+00:00
Dune: Part Two,2024-03-01,2025-01-25,331,,7449.06,854,10196,226538544.07,14611661,57.81,1.9298245614035088,-91.67399047134465,-96.86609686609687,2025-11-05T13:44:56.787004+00:00
Dune: Part Two,2024-03-01,2025-01-26,332,,3587.06,534,8498,226542131.13,14612195,19.24,0.7201864011861894,-96.71072591709557,-96.01873536299766,2025-11-05T13:44:56.798597+00:00
Dune: Part Two,2024-03-01,2025-01-27,333,,1645.06,245,7678,226543776.19,14612440,20.72,0.34569453174104336,-97.57405786354285,-97.94007490636703,2025-11-05T13:44:56.812062+00:00
Dune: Part Two,2024-03-01,2025-01-28,334,,3029.19,435,7391,226546805.38,14612875,23.71,0.3638568829593693,-94.28470694078027,-95.10204081632652,2025-11-05T13:44:56.827774+00:00
Dune: Part Two,2024-03-01,2025-01-29,335,,2105.12,310,7725,226548910.5,14613185,22.33,0.3463203463203463,-96.89619997425054,-97.24137931034483,2025-11-05T13:44:56.845763+00:00
Dune: Part Two,2024-03-01,2025-01-30,336,,936.05,135,3822,226549846.55,14613320,22.98,3.4782608695652173,-97.71794482024778,-98.70967741935483,2025-11-05T13:44:56.865691+00:00
Dune: Part Two,2024-03-01,2025-01-31,337,,1727.1,237,6782,226551573.65,14613557,20.18,0.8215085884988798,-93.91058169969553,-91.85185185185185,2025-11-05T13:44:56.874621+00:00
Dune: Part Two,2024-03-01,2025-02-01,338,,4529.63,450,6158,226556103.28,14614007,62.81,1.4035087719298245,-91.66232412714955,-96.62447257383965,2025-11-05T13:44:56.921639+00:00
Dune: Part Two,2024-03-01,2025-02-02,339,,2410.08,350,5067,226558513.36,14614357,23.25,1.6611295681063125,-98.8961570812627,-97.77777777777777,2025-11-05T13:44:56.935129+00:00
Dune: Part Two,2024-03-01,2025-02-03,340,,923.0,138,5418,226559436.36,14614495,24.59,0.0,-100.0,-100.0,2025-11-05T13:44:56.950622+00:00
Dune: Part Two,2024-03-01,2025-02-04,341,,1527.1,214,5436,226560963.46,14614709,24.5,0.3590664272890485,-98.48320693391116,-98.55072463768117,2025-11-05T13:44:56.968552+00:00
Dune: Part Two,2024-03-01,2025-02-05,342,,882.5,124,4781,226561845.96,14614833,27.43,0.0,-100.0,-100.0,2025-11-05T13:44:56.988799+00:00
Dune: Part Two,2024-03-01,2025-02-06,343,,467.0,68,3319,226562312.96,14614901,21.57,0.0,-100.0,-100.0,2025-11-05T13:44:56.997678+00:00
Dune: Part Two,2024-03-01,2025-02-07,344,,1280.12,170,7015,226563593.08,14615071,25.95,0.0,-100.0,-100.0,2025-11-05T13:44:57.006506+00:00
Dune: Part Two,2024-03-01,2025-02-08,345,,2183.31,270,6923,226565776.39,14615341,26.64,0.0,-100.0,-100.0,2025-11-05T13:44:57.017677+00:00
Dune: Part Two,2024-03-01,2025-02-09,346,,1440.31,153,6214,226567216.7,14615494,32.27,0.0,-100.0,-100.0,2025-11-05T13:44:57.031091+00:00
Dune: Part Two,2024-03-01,2025-02-10,347,,777.2,83,4720,226567993.9,14615577,19.26,0.5319148936170213,-99.30570502183558,-98.69281045751634,2025-11-05T13:44:57.046638+00:00
Dune: Part Two,2024-03-01,2025-02-11,348,,1344.3,148,5197,226569338.2,14615725,36.1,0.0,-100.0,-100.0,2025-11-05T13:44:57.064543+00:00
Dune: Part Two,2024-03-01,2025-02-12,349,,1720.11,171,3624,226571058.31,14615896,31.04,0.0,-100.0,-100.0,2025-11-05T13:44:57.084547+00:00
Dune: Part Two,2024-03-01,2025-02-13,350,,62.0,9,679,226571120.31,14615905,13.5,0.0,-100.0,-100.0,2025-11-05T13:44:57.093315+00:00
Dune: Part Two,2024-03-01,2025-02-14,351,,424.1,50,2372,226571544.41,14615955,21.74,2.941176470588235,173.87096774193552,33.33333333333333,2025-11-05T13:44:57.104512+00:00
Dune: Part Two,2024-03-01,2025-02-15,352,,1081.49,145,3403,226572625.9,14616100,26.38,2.941176470588235,-59.962273048809244,-76.0,2025-11-05T13:44:57.117823+00:00
Dune: Part Two,2024-03-01,2025-02-16,353,,4181.29,560,6165,226576807.19,14616660,17.74,2.4761904761904763,-69.86379901802142,-55.172413793103445,2025-11-05T13:44:57.167361+00:00
Dune: Part Two,2024-03-01,2025-02-17,354,,1008.0,127,3534,226577815.19,14616787,27.18,2.941176470588235,-95.93905230204075,-97.85714285714285,2025-11-05T13:44:57.185237+00:00
Dune: Part Two,2024-03-01,2025-02-18,355,,601.8,77,3512,226578416.99,14616864,24.3,2.941176470588235,-83.15476190476191,-90.5511811023622,2025-11-05T13:44:57.205421+00:00
Dune: Part Two,2024-03-01,2025-02-19,356,,1818.79,306,6200,226580235.78,14617170,14.07,2.970822281167109,-53.32003988035892,-27.27272727272727,2025-11-05T13:44:57.252707+00:00
Dune: Part Two,2024-03-01,2025-02-20,357,,2919.84,249,7653,226583155.62,14617419,56.55,0.0,-100.0,-100.0,2025-11-05T13:44:57.310911+00:00
Dune: Part Two,2024-03-01,2025-02-21,358,,971.35,102,3446,226584126.97,14617521,50.89,0.0,-100.0,-100.0,2025-11-05T13:44:57.342054+00:00
Dune: Part Two,2024-03-01,2025-02-22,359,,16211.28,1439,9465,226600338.25,14618960,20.19,3.2843560933448575,-60.7844752149071,-25.49019607843137,2025-11-05T13:44:57.395885+00:00
Dune: Part Two,2024-03-01,2025-02-23,360,,14498.59,2014,24574,226614836.84,14620974,29.91,0.4308611478140978,-96.15551640586061,-94.78804725503822,2025-11-05T13:44:57.460821+00:00
Dune: Part Two,2024-03-01,2025-02-24,361,,1186.7,156,4578,226616023.54,14621130,38.28,0.19305019305019305,-99.93102777580441,-99.95034756703079,2025-11-05T13:44:57.492233+00:00
Dune: Part Two,2024-03-01,2025-02-25,362,,2918.81,478,6601,226618942.35,14621608,15.88,3.0032467532467533,-68.74357461869049,-52.56410256410257,2025-11-05T13:44:57.550459+00:00
Dune: Part Two,2024-03-01,2025-02-26,363,,18206.43,1849,17551,226637148.78,14623457,33.72,0.7049891540130151,-68.16510838321096,-80.9623430962343,2025-11-05T13:44:57.615778+00:00
Dune: Part Two,2024-03-01,2025-02-27,364,,9393.87,1461,20617,226646542.65,14624918,29.56,0.16959150567762868,-99.21813337375862,-98.75608436992968,2025-11-05T13:44:57.681174+00:00
Dune: Part Two,2024-03-01,2025-02-28,365,,32304.79,2506,20996,226678847.44,14627424,31.1,3.353658536585366,-24.671408056530485,-63.860369609856264,2025-11-05T13:44:57.739373+00:00
Dune: Part Two,2024-03-01,2025-03-01,366,,1220.28,173,2786,226680067.72,14627597,26.4,,-100.0,-100.0,2025-11-05T13:44:57.754551+00:00
Dune: Part Two,2024-03-01,2025-03-02,367,,646.03,95,3192,226680713.75,14627692,23.58,0.0,-100.0,-100.0,2025-11-05T13:44:57.770850+00:00
Dune: Part Two,2024-03-01,2025-03-03,368,,6221.0,438,3823,226686934.75,14628130,74.73,0.6160164271047228,-92.34710462362428,-96.84210526315789,2025-11-05T13:44:57.830304+00:00
Dune: Part Two,2024-03-01,2025-03-04,369,,418.05,60,1657,226687352.8,14628190,27.57,,-100.0,-100.0,2025-11-05T13:44:57.852197+00:00
Dune: Part Two,2024-03-01,2025-03-05,370,,889.14,118,2462,226688241.94,14628308,27.84,,-100.0,-100.0,2025-11-05T13:44:57.876632+00:00
Dune: Part Two,2024-03-01,2025-03-06,371,,138.09,14,1399,226688380.03,14628322,21.0,,-100.0,-100.0,2025-11-05T13:44:57.893683+00:00
Dune: Part Two,2024-03-01,2025-03-07,372,,1934.42,361,6318,226690314.45,14628683,26.67,0.0,-100.0,-100.0,2025-11-05T13:44:57.928214+00:00
Dune: Part Two,2024-03-01,2025-03-08,373,,2674.91,499,6318,226692989.36,14629182,29.66,0.019364833462432226,-99.72291436192761,-99.7229916897507,2025-11-05T13:44:57.963030+00:00
Dune: Part Two,2024-03-01,2025-03-09,374,,717.92,134,6164,226693707.28,14629316,23.38,0.0192975685063682,-99.79961942644799,-99.79959919839679,2025-11-05T13:44:58.000235+00:00
Dune: Part Two,2024-03-01,2025-03-10,375,,750.23,140,6340,226694457.51,14629456,24.46,0.0,-100.0,-100.0,2025-11-05T13:44:58.034668+00:00
Dune: Part Two,2024-03-01,2025-03-11,376,,1007.23,188,6180,226695464.74,14629644,20.79,0.07952286282306163,-97.1528731189102,-97.14285714285714,2025-11-05T13:44:58.074192+00:00
Dune: Part Two,2024-03-01,2025-03-12,377,,910.97,170,6316,226696375.71,14629814,29.28,0.0,-100.0,-100.0,2025-11-05T13:44:58.113722+00:00
Dune: Part Two,2024-03-01,2025-03-13,378,,1012.31,189,5921,226697388.02,14630003,27.12,0.0,-100.0,-100.0,2025-11-05T13:44:58.148439+00:00
Dune: Part Two,2024-03-01,2025-03-14,379,,1403.46,262,5431,226698791.48,14630265,23.19,0.08181074447777476,-98.41155377305371,-98.4126984126984,2025-11-05T13:44:58.183014+00:00
Dune: Part Two,2024-03-01,2025-03-15,380,,2694.92,503,5363,226701486.4,14630768,31.73,0.0,-100.0,-100.0,2025-11-05T13:44:58.230584+00:00
Dune: Part Two,2024-03-01,2025-03-16,381,,691.31,129,5220,226702177.71,14630897,24.29,0.0,-100.0,-100.0,2025-11-05T13:44:58.265409+00:00
Dune: Part Two,2024-03-01,2025-03-17,382,,675.39,126,5220,226702853.1,14631023,22.05,0.022326412145568207,-99.22466042730468,-99.2248062015504,2025-11-05T13:44:58.295406+00:00
Dune: Part Two,2024-03-01,2025-03-18,383,,884.58,165,5253,226703737.68,14631188,25.3,0.0,-100.0,-100.0,2025-11-05T13:44:58.330172+00:00
Dune: Part Two,2024-03-01,2025-03-19,384,,787.05,147,5273,226704524.73,14631335,26.27,0.0,-100.0,-100.0,2025-11-05T13:44:58.362160+00:00
Dune: Part Two,2024-03-01,2025-03-20,385,,793.23,148,3964,226705317.96,14631483,24.07,0.045433893684688774,-99.3189759227495,-99.31972789115646,2025-11-05T13:44:58.389333+00:00
Dune: Part Two,2024-03-01,2025-03-21,386,,230.48,43,74,226705548.44,14631526,8.04,0.0,-100.0,-100.0,2025-11-05T13:44:58.394183+00:00
Dune: Part Two,2024-03-01,2025-03-22,387,,241.2,45,74,226705789.64,14631571,15.37,0.0,-100.0,-100.0,2025-11-05T13:44:58.404072+00:00
Dune: Part Two,2024-03-01,2025-03-23,388,,21.44,4,74,226705811.08,14631575,10.72,0.0,-100.0,-100.0,2025-11-05T13:44:58.408825+00:00
Dune: Part Two,2024-03-01,2025-03-24,389,,209.04,39,74,226706020.12,14631614,18.79,0.0,-100.0,-100.0,2025-11-05T13:44:58.421034+00:00
Dune: Part Two,2024-03-01,2025-03-25,390,,197.44,32,74,226706217.56,14631646,21.25,0.0,-100.0,-100.0,2025-11-05T13:44:58.430745+00:00
Dune: Part Two,2024-03-01,2025-03-26,391,,85.76,16,74,226706303.32,14631662,14.41,0.0,-100.0,-100.0,2025-11-05T13:44:58.438107+00:00
Dune: Part Two,2024-03-01,2025-03-27,392,,91.12,17,74,226706394.44,14631679,14.82,0.0,-100.0,-100.0,2025-11-05T13:44:58.445409+00:00
Dune: Part Two,2024-03-01,2025-05-17,443,,15.0,5,84,226706409.44,14631684,8.4,0.0,,,2025-11-05T13:44:58.452390+00:00
Dune: Part Two,2024-03-01,2025-05-18,444,,0.0,0,84,226706409.44,14631684,3.0,0.0,-100.0,-100.0,2025-11-05T13:44:58.454972+00:00
Dune: Part Two,2024-03-01,2025-06-22,479,,0.0,0,0,226706409.44,14631684,,,,,2025-11-05T13:44:58.457207+00:00
Dune: Part Two,2024-03-01,2025-09-11,560,,0.0,0,0,226706409.44,14631684,,,,,2025-11-05T13:44:58.459400+00:00
Dune: Part Two,2024-03-01,2025-09-12,561,,0.0,0,0,226706409.44,14631684,,,,,2025-11-05T13:44:58.461643+00:00
Dune: Part Two,2024-03-01,2025-09-13,562,,0.0,0,0,226706409.44,14631684,,,,,2025-11-05T13:44:58.463884+00:00
Dune: Part Two,2024-03-01,2025-09-14,563,,0.0,0,0,226706409.44,14631684,,,,,2025-11-05T13:44:58.465964+00:00
Dune: Part Two,2024-03-01,2025-09-15,564,,0.0,0,0,226706409.44,14631684,,,,,2025-11-05T13:44:58.467991+00:00
Dune: Part Two,2024-03-01,2025-10-05,584,,0.0,0,0,226706409.44,14631684,,,,,2025-11-05T13:44:58.469964+00:00
Dune: Part Two,2024-03-01,2025-10-08,587,,0.0,0,0,226706409.44,14631684,,,,,2025-11-05T13:44:58.471920+00:00
Homestead,2024-12-20,2024-12-18,-2,-24,772976.9,66438,886418,772976.9,66438,37.31,3.049988399693038,,,2025-11-06T20:21:18.705259+00:00
Homestead,2024-12-20,2024-12-19,-1,-31,1250825.66,105576,981426,2023802.56,172014,34.04,7.107596295134474,-59.652551065885675,-61.12164725006773,2025-11-06T20:21:18.780511+00:00
Homestead,2024-12-20,2024-12-20,1,-31,2150921.62,180692,1152422,4174724.18,352706,41.5,5.362834160830822,-80.46384497740476,-81.25710388724711,2025-11-06T20:21:18.859329+00:00
Homestead,2024-12-20,2024-12-21,2,-31,2514545.96,213244,1167838,6689270.14,565950,42.29,5.306935395942073,-89.45714256198698,-89.11739313306622,2025-11-06T20:21:18.940839+00:00
Homestead,2024-12-20,2024-12-22,3,-31,1424444.63,123569,1136853,8113714.77,689519,43.95,2.3255017857754146,-96.28857052189255,-96.17714918121963,2025-11-06T20:21:19.022528+00:00
Homestead,2024-12-20,2024-12-23,4,-24,811534.05,71472,1128110,8925248.82,760991,41.36,1.569767765726923,-96.91341416821719,-96.80969093173327,2025-11-06T20:21:19.086980+00:00
Homestead,2024-12-20,2024-12-24,5,-24,494240.41,46268,869611,9419489.23,807259,48.58,0.4804324790315918,-98.96854756591765,-99.00307462964687,2025-11-06T20:21:19.151284+00:00
Homestead,2024-12-20,2024-12-25,6,-24,920418.4,80754,663067,10339907.63,888013,51.89,0.7230353788353162,-97.94044179536728,-98.14130134057699,2025-11-06T20:21:19.213127+00:00
Homestead,2024-12-20,2024-12-26,7,-24,744731.92,64571,669871,11084639.55,952584,45.22,1.3384752764775727,-98.02164320281118,-98.11851688369013,2025-11-06T20:21:19.271127+00:00
Homestead,2024-12-20,2024-12-27,8,-24,699443.2,59983,529640,11784082.75,1012567,43.54,1.5093836841904906,-98.55858851011216,-98.60777050158886,2025-11-06T20:21:19.335693+00:00
Homestead,2024-12-20,2024-12-28,9,-24,840001.91,72159,522740,12624084.66,1084726,44.28,1.7609061145031413,-98.22079008562645,-98.23158268906069,2025-11-06T20:21:19.399316+00:00
Homestead,2024-12-20,2024-12-29,10,-24,631412.71,55562,519575,13255497.37,1140288,45.45,1.3316935375391534,-99.0341597209557,-98.97272457752743,2025-11-06T20:21:19.457326+00:00
Homestead,2024-12-20,2024-12-30,11,-4,364977.34,32268,508576,13620474.71,1172556,35.7,1.740178356230417,-98.0702760326388,-97.94196454022006,2025-11-06T20:21:19.470929+00:00
Homestead,2024-12-20,2024-12-31,12,-4,483110.86,44824,470613,14103585.57,1217380,41.7,1.097716357933941,-98.19099656052255,-98.16597890875744,2025-11-06T20:21:19.484303+00:00
Homestead,2024-12-20,2025-01-01,13,-4,655803.32,58398,498663,14759388.89,1275778,40.19,1.7407991227468989,-97.68570108779403,-97.6946291211908,2025-11-06T20:21:19.497607+00:00
Homestead,2024-12-20,2025-01-02,14,-4,256484.51,22531,431558,15015873.4,1298309,49.62,0.8723517892113227,-99.81853676990083,-99.82817266893433,2025-11-06T20:21:19.511520+00:00
Homestead,2024-12-20,2025-01-03,15,-8,389801.01,33079,364820,15405674.41,1331388,78.56,0.0,-100.0,-100.0,2025-11-06T20:21:19.527059+00:00
Homestead,2024-12-20,2025-01-04,16,-7,548523.56,46863,364454,15954197.97,1378251,78.99,0.0,-100.0,-100.0,2025-11-06T20:21:19.544720+00:00
Homestead,2024-12-20,2025-01-05,17,-7,303545.38,26841,341442,16257743.35,1405092,78.61,0.0,-100.0,-100.0,2025-11-06T20:21:19.557891+00:00
Homestead,2024-12-20,2025-01-06,18,,113595.49,10132,285957,16371338.84,1415224,57.01,0.2742543709290367,-99.97445127168366,-99.97018485390579,2025-11-05T13:45:00.903509+00:00
Homestead,2024-12-20,2025-01-07,19,,187935.12,20907,306166,16559273.96,1436131,64.17,0.08375209380234507,-99.98237606088058,-99.98026056060007,2025-11-05T13:45:00.941720+00:00
Homestead,2024-12-20,2025-01-08,20,,130599.38,11420,291517,16689873.34,1447551,79.16,0.0,-100.0,-100.0,2025-11-05T13:45:00.982037+00:00
Homestead,2024-12-20,2025-01-09,21,-2,97236.64,8736,254043,16787109.98,1456287,62.1,0.5095541401273885,-99.96021420622364,-99.96497373029773,2025-11-06T20:21:19.566704+00:00
Homestead,2024-12-20,2025-01-10,22,,147257.41,12639,227844,16934367.39,1468926,32.5,,-100.0,-100.0,2025-11-05T13:45:01.044319+00:00
Homestead,2024-12-20,2025-01-11,23,,301493.06,26240,243610,17235860.45,1495166,36.01,,-100.0,-100.0,2025-11-05T13:45:01.064186+00:00
Homestead,2024-12-20,2025-01-12,24,,170791.45,15534,235741,17406651.9,1510700,35.61,,-100.0,-100.0,2025-11-05T13:45:01.086602+00:00
Homestead,2024-12-20,2025-01-13,25,,55367.78,5025,208891,17462019.68,1515725,32.76,,-100.0,-100.0,2025-11-05T13:45:01.106572+00:00
Homestead,2024-12-20,2025-01-14,26,,88196.95,10406,207854,17550216.63,1526131,32.03,,-100.0,-100.0,2025-11-05T13:45:01.130974+00:00
Homestead,2024-12-20,2025-01-15,27,,56020.98,5047,205483,17606237.61,1531178,36.04,,-100.0,-100.0,2025-11-05T13:45:01.157460+00:00
Homestead,2024-12-20,2025-01-16,28,,38838.96,3549,153634,17645076.57,1534727,40.6,,-100.0,-100.0,2025-11-05T13:45:01.184030+00:00
Homestead,2024-12-20,2025-01-17,29,,84267.87,7405,134567,17729344.44,1542132,35.73,,-100.0,-100.0,2025-11-05T13:45:01.197356+00:00
Homestead,2024-12-20,2025-01-18,30,,131044.85,11779,133061,17860389.29,1553911,38.04,0.0,-100.0,-100.0,2025-11-05T13:45:01.215080+00:00
Homestead,2024-12-20,2025-01-19,31,,98900.46,9366,120200,17959289.75,1563277,42.14,,-100.0,-100.0,2025-11-05T13:45:01.232867+00:00
Homestead,2024-12-20,2025-01-20,32,,52953.98,5047,116405,18012243.73,1568324,39.8,,-100.0,-100.0,2025-11-05T13:45:01.250579+00:00
Homestead,2024-12-20,2025-01-21,33,,38465.14,4736,110160,18050708.87,1573060,34.78,,-100.0,-100.0,2025-11-05T13:45:01.270414+00:00
Homestead,2024-12-20,2025-01-22,34,,24890.84,2347,103841,18075599.71,1575407,37.51,,-100.0,-100.0,2025-11-05T13:45:01.292370+00:00
Homestead,2024-12-20,2025-01-23,35,,18335.61,1826,85327,18093935.32,1577233,39.47,,-100.0,-100.0,2025-11-05T13:45:01.316816+00:00
Homestead,2024-12-20,2025-01-24,36,,25507.64,2320,60862,18119442.96,1579553,34.67,,-100.0,-100.0,2025-11-05T13:45:01.332198+00:00
Homestead,2024-12-20,2025-01-25,37,,47968.61,4302,60635,18167411.57,1583855,40.72,,-100.0,-100.0,2025-11-05T13:45:01.354352+00:00
Homestead,2024-12-20,2025-01-26,38,,22322.28,2178,54026,18189733.85,1586033,39.01,,-100.0,-100.0,2025-11-05T13:45:01.374215+00:00
Homestead,2024-12-20,2025-01-27,39,,7995.83,759,47285,18197729.68,1586792,37.44,,-100.0,-100.0,2025-11-05T13:45:01.396251+00:00
Homestead,2024-12-20,2025-01-28,40,,11579.41,1444,49294,18209309.09,1588236,33.84,,-100.0,-100.0,2025-11-05T13:45:01.422759+00:00
Homestead,2024-12-20,2025-01-29,41,,8539.93,805,48870,18217849.02,1589041,39.51,,-100.0,-100.0,2025-11-05T13:45:01.449370+00:00
Homestead,2024-12-20,2025-01-30,42,,6112.93,597,32606,18223961.95,1589638,43.26,,-100.0,-100.0,2025-11-05T13:45:01.476003+00:00
Homestead,2024-12-20,2025-01-31,43,,4395.91,408,12649,18228357.86,1590046,29.21,0.0,-100.0,-100.0,2025-11-05T13:45:01.484883+00:00
Homestead,2024-12-20,2025-02-01,44,,8375.53,789,14183,18236733.39,1590835,31.02,0.0,-100.0,-100.0,2025-11-05T13:45:01.495943+00:00
Homestead,2024-12-20,2025-02-02,45,,4974.25,484,11832,18241707.64,1591319,35.47,0.0,-100.0,-100.0,2025-11-05T13:45:01.509254+00:00
Homestead,2024-12-20,2025-02-03,46,,1480.44,145,11820,18243188.08,1591464,28.11,0.19342359767891684,-99.77202593355781,-99.79338842975206,2025-11-05T13:45:01.524635+00:00
Homestead,2024-12-20,2025-02-04,47,,2357.06,304,11464,18245545.14,1591768,30.91,0.0,-100.0,-100.0,2025-11-05T13:45:01.542331+00:00
Homestead,2024-12-20,2025-02-05,48,,1224.83,127,10691,18246769.97,1591895,28.68,0.24390243902439024,-99.51889217924024,-99.67105263157895,2025-11-05T13:45:01.562208+00:00
Homestead,2024-12-20,2025-02-06,49,,1102.66,109,9239,18247872.63,1592004,29.0,0.0,-100.0,-100.0,2025-11-05T13:45:01.584211+00:00
Homestead,2024-12-20,2025-02-07,50,,1517.28,146,3873,18249389.91,1592150,24.96,0.0,-100.0,-100.0,2025-11-05T13:45:01.592999+00:00
Homestead,2024-12-20,2025-02-08,51,,2382.27,231,4313,18251772.18,1592381,33.47,0.0,-100.0,-100.0,2025-11-05T13:45:01.604052+00:00
Homestead,2024-12-20,2025-02-09,52,,579.8,56,3688,18252351.98,1592437,31.99,0.0,-100.0,-100.0,2025-11-05T13:45:01.617175+00:00
Homestead,2024-12-20,2025-02-10,53,,465.99,47,3161,18252817.97,1592484,18.91,2.132701421800948,-84.46188340807174,-83.92857142857143,2025-11-05T13:45:01.632480+00:00
Homestead,2024-12-20,2025-02-11,54,,753.59,112,3533,18253571.56,1592596,18.47,1.6853932584269662,-82.08330650872337,-80.85106382978722,2025-11-05T13:45:01.650205+00:00
Homestead,2024-12-20,2025-02-12,55,,517.02,51,3434,18254088.58,1592647,19.42,2.903225806451613,-88.04522353003622,-91.96428571428571,2025-11-05T13:45:01.670089+00:00
Homestead,2024-12-20,2025-02-13,56,,524.34,56,2791,18254612.92,1592703,27.12,0.0,-100.0,-100.0,2025-11-05T13:45:01.692352+00:00
Homestead,2024-12-20,2025-02-14,57,,161.5,19,340,18254774.42,1592722,20.59,,-100.0,-100.0,2025-11-05T13:45:01.701284+00:00
Homestead,2024-12-20,2025-02-15,58,,454.0,45,504,18255228.42,1592767,20.62,,-100.0,-100.0,2025-11-05T13:45:01.712302+00:00
Homestead,2024-12-20,2025-02-16,59,,55.5,6,336,18255283.92,1592773,20.58,,-100.0,-100.0,2025-11-05T13:45:01.723258+00:00
Homestead,2024-12-20,2025-02-17,60,,345.0,39,444,18255628.92,1592812,25.23,,-100.0,-100.0,2025-11-05T13:45:01.739463+00:00
Homestead,2024-12-20,2025-02-18,61,,99.0,18,444,18255727.92,1592830,12.89,,-100.0,-100.0,2025-11-05T13:45:01.759201+00:00
Homestead,2024-12-20,2025-02-19,62,,64.5,6,333,18255792.42,1592836,18.23,,-100.0,-100.0,2025-11-05T13:45:01.781525+00:00
Homestead,2024-12-20,2025-02-20,63,,53.75,5,596,18255846.17,1592841,15.59,,-100.0,-100.0,2025-11-05T13:45:01.805794+00:00
Homestead,2024-12-20,2025-02-21,64,,0.0,0,0,18255846.17,1592841,,,-100.0,-100.0,2025-11-05T13:45:01.808149+00:00
Homestead,2024-12-20,2025-02-22,65,,0.0,0,0,18255846.17,1592841,,,,,2025-11-05T13:45:01.810266+00:00
Homestead,2024-12-20,2025-02-24,67,,0.0,0,0,18255846.17,1592841,,,,,2025-11-05T13:45:01.812259+00:00
Homestead,2024-12-20,2025-02-25,68,,0.0,0,0,18255846.17,1592841,,,,,2025-11-05T13:45:01.814360+00:00
Homestead,2024-12-20,2025-02-26,69,,0.0,0,0,18255846.17,1592841,,,,,2025-11-05T13:45:01.816408+00:00
Homestead,2024-12-20,2025-02-27,70,,0.0,0,0,18255846.17,1592841,,,,,2025-11-05T13:45:01.818451+00:00
Homestead,2024-12-20,2025-02-28,71,,0.0,0,0,18255846.17,1592841,,,,,2025-11-05T13:45:01.820458+00:00
Homestead,2024-12-20,2025-03-01,72,,0.0,0,0,18255846.17,1592841,,,,,2025-11-05T13:45:01.822514+00:00
Homestead,2024-12-20,2025-03-03,74,,0.0,0,0,18255846.17,1592841,,,,,2025-11-05T13:45:01.824510+00:00
Homestead,2024-12-20,2025-03-04,75,,0.0,0,0,18255846.17,1592841,,,,,2025-11-05T13:45:01.826524+00:00
Homestead,2024-12-20,2025-03-05,76,,0.0,0,0,18255846.17,1592841,,,,,2025-11-05T13:45:01.828514+00:00
Homestead,2024-12-20,2025-03-06,77,,0.0,0,0,18255846.17,1592841,,,,,2025-11-05T13:45:01.830572+00:00
Joker: Folie a Deux,2024-10-04,2024-10-03,-1,-25,11753478.88,706852,6341440,11753478.88,706852,69.19,0.30233588168460784,,,2025-11-06T20:21:21.362589+00:00
Joker: Folie a Deux,2024-10-04,2024-10-04,1,-25,20410106.94,1272034,10374852,32163585.82,1978886,78.36,0.0,-100.0,-100.0,2025-11-06T20:21:21.420885+00:00
Joker: Folie a Deux,2024-10-04,2024-10-05,2,-25,16439629.22,1052354,10555858,48603215.04,3031240,78.91,0.0,-100.0,-100.0,2025-11-06T20:21:21.489922+00:00
Joker: Folie a Deux,2024-10-04,2024-10-06,3,-25,5865542.71,379788,9913056,54468757.75,3411028,73.63,0.0015148301875359772,-99.99987834275498,-99.99980994988378,2025-11-06T20:21:21.559472+00:00
Joker: Folie a Deux,2024-10-04,2024-10-07,4,-24,1625884.34,101500,8582182,56094642.09,3512528,65.18,0.0,-100.0,-100.0,2025-11-06T20:21:21.610066+00:00
Joker: Folie a Deux,2024-10-04,2024-10-08,5,-18,3288770.38,257826,8783111,59383412.47,3770354,44.34,0.3248972067844803,-90.04456391776195,-89.61664892434753,2025-11-06T20:21:21.655115+00:00
Joker: Folie a Deux,2024-10-04,2024-10-09,6,-18,1051087.49,66781,7933266,60434499.96,3837135,53.0,0.049404507365183925,-99.15933304180521,-99.45746657874228,2025-11-06T20:21:21.700283+00:00
Joker: Folie a Deux,2024-10-04,2024-10-10,7,-18,863562.66,53933,5534297,61298062.62,3891068,56.59,0.04111950634365628,-98.65070026344945,-98.99422358137954,2025-11-06T20:21:21.745304+00:00
Joker: Folie a Deux,2024-10-04,2024-10-11,8,-18,1499997.14,92037,3453438,62798059.76,3983105,62.49,0.0843019246361418,-98.25309599240093,-98.6892999579133,2025-11-06T20:21:21.790260+00:00
Joker: Folie a Deux,2024-10-04,2024-10-12,9,-18,1900740.4,120681,3701449,64698800.16,4103786,58.89,0.12340203772173253,-98.52646918493477,-98.81622750098742,2025-11-06T20:21:21.835433+00:00
Joker: Folie a Deux,2024-10-04,2024-10-13,10,-18,1297263.31,85476,3482232,65996063.47,4189262,59.55,0.07074960195083763,-99.4082218061014,-99.53968991447697,2025-11-06T20:21:21.880385+00:00
Joker: Folie a Deux,2024-10-04,2024-10-14,11,,1709.94,169,8726,65997773.41,4189431,9.19,1.9510505656892174,-99.86361514819563,-99.79669906649985,2025-11-05T13:45:04.303268+00:00
Joker: Folie a Deux,2024-10-04,2024-10-15,12,-11,770706.45,60036,3053045,66768479.86,4249467,50.69,0.09099777459378716,501.51584266114594,253.25443786982248,2025-11-06T20:21:21.909602+00:00
Joker: Folie a Deux,2024-10-04,2024-10-16,13,-11,398654.7,25342,2919889,67167134.56,4274809,49.02,0.05928616825775852,-99.2020997037884,-99.37658659574835,2025-11-06T20:21:21.938887+00:00
Joker: Folie a Deux,2024-10-04,2024-10-17,14,-11,380702.6,24559,2180125,67547837.16,4299368,52.22,0.036302780638516996,-99.34679694833719,-99.42610606862307,2025-11-06T20:21:21.968172+00:00
Joker: Folie a Deux,2024-10-04,2024-10-18,15,-11,451275.76,30558,866035,67999112.92,4329926,69.52,0.23369449755683025,-99.58629179756633,-99.77312102961801,2025-11-06T20:21:21.997969+00:00
Joker: Folie a Deux,2024-10-04,2024-10-19,16,-11,624654.56,43563,897495,68623767.48,4373489,79.46,0.24251370729649938,-99.58981751490893,-99.77368144843874,2025-11-06T20:21:22.025048+00:00
Joker: Folie a Deux,2024-10-04,2024-10-20,17,-11,368185.3,27039,837025,68991952.78,4400528,76.53,0.1560271041369472,-99.85456758401341,-99.91932881574701,2025-11-06T20:21:22.054616+00:00
Joker: Folie a Deux,2024-10-04,2024-10-21,18,-4,139948.44,10023,679789,69131901.22,4410551,58.88,0.0,-100.0,-100.0,2025-11-06T20:21:22.059197+00:00
Joker: Folie a Deux,2024-10-04,2024-10-22,19,-4,253798.66,22272,702067,69385699.88,4432823,41.38,0.0,-100.0,-100.0,2025-11-06T20:21:22.065996+00:00
Joker: Folie a Deux,2024-10-04,2024-10-23,20,-4,145283.8,10296,652935,69530983.68,4443119,79.72,0.0,-100.0,-100.0,2025-11-06T20:21:22.070470+00:00
Joker: Folie a Deux,2024-10-04,2024-10-24,21,-4,81050.11,6009,375944,69612033.79,4449128,52.64,0.0,-100.0,-100.0,2025-11-06T20:21:22.077204+00:00
Joker: Folie a Deux,2024-10-04,2024-10-25,22,-4,116851.65,8249,200997,69728885.44,4457377,39.51,0.0,-100.0,-100.0,2025-11-06T20:21:22.079397+00:00
Joker: Folie a Deux,2024-10-04,2024-10-26,23,-4,168185.47,12288,200206,69897070.91,4469665,57.11,0.0,-100.0,-100.0,2025-11-06T20:21:22.081632+00:00
Joker: Folie a Deux,2024-10-04,2024-10-27,24,-4,103171.18,7791,186243,70000242.09,4477456,38.73,0.0,-100.0,-100.0,2025-11-06T20:21:22.083904+00:00
Joker: Folie a Deux,2024-10-04,2024-10-28,25,,44849.59,3370,168071,70045091.68,4480826,35.03,,-100.0,-100.0,2025-11-05T13:45:04.887402+00:00
Joker: Folie a Deux,2024-10-04,2024-10-29,26,,65308.82,6146,171330,70110400.5,4486972,32.54,,-100.0,-100.0,2025-11-05T13:45:04.909902+00:00
Joker: Folie a Deux,2024-10-04,2024-10-30,27,,40144.98,2991,164285,70150545.48,4489963,39.13,,-100.0,-100.0,2025-11-05T13:45:04.934680+00:00
Joker: Folie a Deux,2024-10-04,2024-10-31,28,,39086.62,2889,131842,70189632.1,4492852,53.51,,-100.0,-100.0,2025-11-05T13:45:04.964280+00:00
Joker: Folie a Deux,2024-10-04,2024-11-01,29,,27206.14,1942,41078,70216838.24,4494794,56.23,,-100.0,-100.0,2025-11-05T13:45:04.977750+00:00
Joker: Folie a Deux,2024-10-04,2024-11-02,30,,41831.82,3045,41975,70258670.06,4497839,57.84,,-100.0,-100.0,2025-11-05T13:45:04.993435+00:00
Joker: Folie a Deux,2024-10-04,2024-11-03,31,,25984.48,1946,39225,70284654.54,4499785,60.4,,-100.0,-100.0,2025-11-05T13:45:05.011501+00:00
Joker: Folie a Deux,2024-10-04,2024-11-04,32,,9806.79,724,36061,70294461.33,4500509,39.75,,-100.0,-100.0,2025-11-05T13:45:05.029405+00:00
Joker: Folie a Deux,2024-10-04,2024-11-05,33,,16816.46,1575,39099,70311277.79,4502084,38.05,,-100.0,-100.0,2025-11-05T13:45:05.049782+00:00
Joker: Folie a Deux,2024-10-04,2024-11-06,34,,9832.85,708,34426,70321110.64,4502792,40.7,,-100.0,-100.0,2025-11-05T13:45:05.072186+00:00
Joker: Folie a Deux,2024-10-04,2024-11-07,35,,6664.01,511,25320,70327774.65,4503303,46.6,,-100.0,-100.0,2025-11-05T13:45:05.097135+00:00
Joker: Folie a Deux,2024-10-04,2024-11-08,36,,2544.17,179,5265,70330318.82,4503482,43.71,0.0,-100.0,-100.0,2025-11-05T13:45:05.106185+00:00
Joker: Folie a Deux,2024-10-04,2024-11-09,37,,5421.92,385,5589,70335740.74,4503867,49.2,0.0,-100.0,-100.0,2025-11-05T13:45:05.117243+00:00
Joker: Folie a Deux,2024-10-04,2024-11-10,38,,4360.94,290,5433,70340101.68,4504157,46.91,0.0,-100.0,-100.0,2025-11-05T13:45:05.130352+00:00
Joker: Folie a Deux,2024-10-04,2024-11-11,39,,2118.55,148,4887,70342220.23,4504305,52.86,0.0,-100.0,-100.0,2025-11-05T13:45:05.145659+00:00
Joker: Folie a Deux,2024-10-04,2024-11-12,40,,2502.35,191,4579,70344722.58,4504496,42.34,0.0,-100.0,-100.0,2025-11-05T13:45:05.163344+00:00
Joker: Folie a Deux,2024-10-04,2024-11-13,41,,1829.16,126,4815,70346551.74,4504622,53.16,0.0,-100.0,-100.0,2025-11-05T13:45:05.183219+00:00
Joker: Folie a Deux,2024-10-04,2024-11-14,42,,1087.12,72,3651,70347638.86,4504694,47.41,0.0,-100.0,-100.0,2025-11-05T13:45:05.205428+00:00
Joker: Folie a Deux,2024-10-04,2024-11-15,43,,744.67,51,1333,70348383.53,4504745,61.96,0.0,-100.0,-100.0,2025-11-05T13:45:05.221511+00:00
Joker: Folie a Deux,2024-10-04,2024-11-16,44,,787.06,59,1295,70349170.59,4504804,34.3,0.0,-100.0,-100.0,2025-11-05T13:45:05.232386+00:00
Joker: Folie a Deux,2024-10-04,2024-11-17,45,,691.47,49,1148,70349862.06,4504853,33.95,0.0,-100.0,-100.0,2025-11-05T13:45:05.245577+00:00
Joker: Folie a Deux,2024-10-04,2024-11-18,46,,541.79,37,1194,70350403.85,4504890,34.17,0.0,-100.0,-100.0,2025-11-05T13:45:05.260847+00:00
Joker: Folie a Deux,2024-10-04,2024-11-19,47,,539.5,46,1229,70350943.35,4504936,27.0,0.0,-100.0,-100.0,2025-11-05T13:45:05.278278+00:00
Joker: Folie a Deux,2024-10-04,2024-11-20,48,,462.51,35,1095,70351405.86,4504971,29.86,0.0,-100.0,-100.0,2025-11-05T13:45:05.297928+00:00
Joker: Folie a Deux,2024-10-04,2024-11-21,49,,222.87,17,687,70351628.73,4504988,22.93,1.4285714285714286,-89.83805755551232,-88.57142857142857,2025-11-05T13:45:05.308887+00:00
Joker: Folie a Deux,2024-10-04,2025-02-13,133,,0.0,0,74,70351628.73,4504988,,0.0,,,2025-11-05T13:45:05.311139+00:00
Joker: Folie a Deux,2024-10-04,2025-04-03,182,,0.0,0,74,70351628.73,4504988,11.01,0.0,,,2025-11-05T13:45:05.313121+00:00
Joker: Folie a Deux,2024-10-04,2025-05-22,231,,0.0,0,74,70351628.73,4504988,11.01,0.0,,,2025-11-05T13:45:05.315140+00:00
Joker: Folie a Deux,2024-10-04,2025-06-12,252,,0.0,0,74,70351628.73,4504988,11.01,0.0,,,2025-11-05T13:45:05.317206+00:00
Joker: Folie À Deux,2024-10-04,2024-10-18,15,,0.0,0,0,0.0,0,,,,,2025-11-05T13:45:06.425495+00:00
Joker: Folie À Deux,2024-10-04,2024-10-19,16,,0.0,0,0,0.0,0,,,,,2025-11-05T13:45:06.427706+00:00
Joker: Folie À Deux,2024-10-04,2024-10-20,17,,0.0,0,0,0.0,0,,,,,2025-11-05T13:45:06.429809+00:00
Joker: Folie À Deux,2024-10-04,2024-10-21,18,,0.0,0,0,0.0,0,,,,,2025-11-05T13:45:06.431862+00:00
Joker: Folie À Deux,2024-10-04,2024-10-22,19,,0.0,0,0,0.0,0,,,,,2025-11-05T13:45:06.433970+00:00
Joker: Folie À Deux,2024-10-04,2024-10-23,20,,0.0,0,0,0.0,0,,,,,2025-11-05T13:45:06.436019+00:00
Monkey Man,2024-04-05,2024-03-28,-8,-8,24.0,2,1036,24.0,2,17.02,0.19305019305019305,,,2025-11-06T20:21:24.377529+00:00
Monkey Man,2024-04-05,2024-03-29,-7,-7,24.0,2,1036,48.0,4,16.92,0.19305019305019305,,,2025-11-06T20:21:24.379571+00:00
Monkey Man,2024-04-05,2024-03-30,-6,-7,0.0,0,1036,48.0,4,11.34,0.23752969121140144,,,2025-11-06T20:21:24.382791+00:00
Monkey Man,2024-04-05,2024-03-31,-5,-7,24.0,2,1036,72.0,6,-5.99,0.7075471698113208,,,2025-11-06T20:21:24.387516+00:00
Monkey Man,2024-04-05,2024-04-04,-1,-25,2659568.6,173118,1718594,2659640.6,173124,69.81,0.24325519681556834,,,2025-11-06T20:21:24.447582+00:00
Monkey Man,2024-04-05,2024-04-05,1,-25,5152639.14,356322,3795478,7812279.74,529446,75.4,0.0,-100.0,-100.0,2025-11-06T20:21:24.509108+00:00
Monkey Man,2024-04-05,2024-04-06,2,-25,6038893.14,429054,3953956,13851172.88,958500,78.0,0.0,-100.0,-100.0,2025-11-06T20:21:24.569515+00:00
Monkey Man,2024-04-05,2024-04-07,3,-25,2421253.08,173619,3606324,16272425.96,1132119,74.49,0.0,-100.0,-100.0,2025-11-06T20:21:24.629741+00:00
Monkey Man,2024-04-05,2024-04-08,4,-25,754154.65,54323,2145837,17026580.61,1186442,57.33,0.0,-100.0,-100.0,2025-11-06T20:21:24.690374+00:00
Monkey Man,2024-04-05,2024-04-10,6,-20,784122.1,56305,2003929,17810702.71,1242747,57.33,0.04889783408790259,,,2025-11-06T20:21:24.737820+00:00
Monkey Man,2024-04-05,2024-04-11,7,-18,599958.03,45605,1494700,18410660.74,1288352,55.74,0.07578103355551571,-99.81488275840219,-99.82528649257937,2025-11-06T20:21:24.783872+00:00
Monkey Man,2024-04-05,2024-04-12,8,-18,838612.93,60726,976156,19249273.67,1349078,68.69,0.0836540070269366,-99.88631791252008,-99.91049051199428,2025-11-06T20:21:24.828766+00:00
Monkey Man,2024-04-05,2024-04-13,9,-18,1108744.69,82639,1035400,20358018.36,1431717,66.91,0.12632538104705104,-99.88354397142659,-99.89878710448158,2025-11-06T20:21:24.873708+00:00
Monkey Man,2024-04-05,2024-04-14,10,-18,744302.4,57287,965978,21102320.76,1489004,71.42,0.05687908818446326,-99.96487952668224,-99.96838521400778,2025-11-06T20:21:24.918771+00:00
Monkey Man,2024-04-05,2024-04-15,11,-7,213593.55,16171,634933,21315914.31,1505175,67.12,0.007679115365909847,-99.99271038462102,-99.99473914949584,2025-11-06T20:21:24.939063+00:00
Monkey Man,2024-04-05,2024-04-18,14,-11,259400.28,19108,671663,21575314.59,1524283,69.39,0.01627206899357253,,,2025-11-06T20:21:24.966874+00:00
Monkey Man,2024-04-05,2024-04-19,15,-11,429348.92,31190,514503,22004663.51,1555473,37.99,0.0,-100.0,-100.0,2025-11-06T20:21:24.971348+00:00
Monkey Man,2024-04-05,2024-04-20,16,-3,598591.33,44746,537402,22603254.84,1600219,61.73,0.0,-100.0,-100.0,2025-11-06T20:21:24.973579+00:00
Monkey Man,2024-04-05,2024-04-21,17,-11,401559.46,30738,493516,23004814.3,1630957,43.13,0.0,-100.0,-100.0,2025-11-06T20:21:24.978077+00:00
Monkey Man,2024-04-05,2024-04-22,18,-3,133824.08,10010,325704,23138638.38,1640967,37.2,0.0,-100.0,-100.0,2025-11-06T20:21:24.980270+00:00
Monkey Man,2024-04-05,2024-04-24,20,-24,153672.85,11408,313145,23292311.23,1652375,42.09,0.0,,,2025-11-06T20:21:24.988876+00:00
Monkey Man,2024-04-05,2024-04-25,21,-2,118185.58,8880,258375,23410496.81,1661255,43.41,0.0,-100.0,-100.0,2025-11-06T20:21:24.991073+00:00
Monkey Man,2024-04-05,2024-04-26,22,,211126.51,15053,174614,23621623.32,1676308,38.81,0.0,-100.0,-100.0,2025-11-05T13:45:08.471150+00:00
Monkey Man,2024-04-05,2024-04-27,23,,305104.21,22130,177860,23926727.53,1698438,41.07,,-100.0,-100.0,2025-11-05T13:45:08.485937+00:00
Monkey Man,2024-04-05,2024-04-28,24,,188336.93,14066,166421,24115064.46,1712504,40.98,,-100.0,-100.0,2025-11-05T13:45:08.503452+00:00
Monkey Man,2024-04-05,2024-04-29,25,,72253.8,5335,142872,24187318.26,1717839,37.18,,-100.0,-100.0,2025-11-05T13:45:08.523624+00:00
Monkey Man,2024-04-05,2024-05-01,27,,71752.85,5245,142094,24259071.11,1723084,42.66,,,,2025-11-05T13:45:08.547890+00:00
Monkey Man,2024-04-05,2024-05-02,28,-24,54902.91,4047,107399,24313974.02,1727131,43.54,0.0,-100.0,-100.0,2025-11-06T20:21:24.993320+00:00
Monkey Man,2024-04-05,2024-05-03,29,,77367.5,5414,70355,24391341.52,1732545,39.29,,-100.0,-100.0,2025-11-05T13:45:08.590286+00:00
Monkey Man,2024-04-05,2024-05-04,30,,101217.83,7195,73292,24492559.35,1739740,44.64,,-100.0,-100.0,2025-11-05T13:45:08.604932+00:00
Monkey Man,2024-04-05,2024-05-05,31,,74237.46,5408,70378,24566796.81,1745148,46.4,,-100.0,-100.0,2025-11-05T13:45:08.620831+00:00
Monkey Man,2024-04-05,2024-05-06,32,,29523.81,2114,59979,24596320.62,1747262,41.25,0.3545288197621226,-99.4984607501388,-99.42677514792899,2025-11-05T13:45:08.637896+00:00
Monkey Man,2024-04-05,2024-05-08,34,,27815.42,1996,57960,24624136.04,1749258,47.74,0.14686084934524538,,,2025-11-05T13:45:08.659730+00:00
Monkey Man,2024-04-05,2024-05-09,35,,21679.62,1562,46373,24645815.66,1750820,46.41,0.2898550724637681,-99.90465720093387,-99.8997995991984,2025-11-05T13:45:08.684847+00:00
Monkey Man,2024-04-05,2024-05-10,36,,29671.58,2053,27150,24675487.24,1752873,40.83,,-100.0,-100.0,2025-11-05T13:45:08.697294+00:00
Monkey Man,2024-04-05,2024-05-11,37,,40533.01,2882,29399,24716020.25,1755755,47.05,,-100.0,-100.0,2025-11-05T13:45:08.712159+00:00
Monkey Man,2024-04-05,2024-05-12,38,,25208.56,1851,28243,24741228.81,1757606,51.96,,-100.0,-100.0,2025-11-05T13:45:08.729475+00:00
Monkey Man,2024-04-05,2024-05-13,39,,11496.12,819,22670,24752724.93,1758425,48.59,,-100.0,-100.0,2025-11-05T13:45:08.749346+00:00
Monkey Man,2024-04-05,2024-05-15,41,,13767.3,963,22359,24766492.23,1759388,54.7,,,,2025-11-05T13:45:08.773475+00:00
Monkey Man,2024-04-05,2024-05-16,42,,8733.66,633,18494,24775225.89,1760021,51.25,,-100.0,-100.0,2025-11-05T13:45:08.795672+00:00
Monkey Man,2024-04-05,2024-05-17,43,,12133.73,792,9038,24787359.62,1760813,42.86,0.21770682148040638,-99.44502075876552,-99.52606635071089,2025-11-05T13:45:08.805665+00:00
Monkey Man,2024-04-05,2024-05-18,44,,16778.31,1136,9555,24804137.93,1761949,51.8,0.0,-100.0,-100.0,2025-11-05T13:45:08.818134+00:00
Monkey Man,2024-04-05,2024-05-19,45,,10461.83,710,8610,24814599.76,1762659,49.37,0.10298661174047373,-99.88681815987425,-99.91197183098592,2025-11-05T13:45:08.832957+00:00
Monkey Man,2024-04-05,2024-05-20,46,,5688.54,391,8258,24820288.3,1763050,54.62,0.0,-100.0,-100.0,2025-11-05T13:45:08.850357+00:00
Monkey Man,2024-04-05,2024-05-22,48,,5540.5,385,8239,24825828.8,1763435,56.04,0.0,,,2025-11-05T13:45:08.872011+00:00
Monkey Man,2024-04-05,2024-05-23,49,,2458.33,179,5195,24828287.13,1763614,33.8,,-100.0,-100.0,2025-11-05T13:45:08.891669+00:00
Monkey Man,2024-04-05,2024-05-24,50,,1076.08,72,1353,24829363.21,1763686,34.89,0.0,-100.0,-100.0,2025-11-05T13:45:08.901421+00:00
Monkey Man,2024-04-05,2024-05-25,51,,2069.58,144,1399,24831432.79,1763830,48.29,0.0,-100.0,-100.0,2025-11-05T13:45:08.913637+00:00
Monkey Man,2024-04-05,2024-05-26,52,,1540.97,99,1324,24832973.76,1763929,45.75,0.0,-100.0,-100.0,2025-11-05T13:45:08.928431+00:00
Monkey Man,2024-04-05,2024-05-27,53,,1749.34,123,1153,24834723.1,1764052,60.41,0.0,-100.0,-100.0,2025-11-05T13:45:08.947459+00:00
Monkey Man,2024-04-05,2024-05-29,55,,615.16,46,1081,24835338.26,1764098,50.32,0.0,,,2025-11-05T13:45:08.964321+00:00
Monkey Man,2024-04-05,2024-05-30,56,,388.08,41,2163,24835726.34,1764139,24.56,0.0,-100.0,-100.0,2025-11-05T13:45:08.979114+00:00
Monkey Man,2024-04-05,2024-05-31,57,,103.92,12,970,24835830.26,1764151,1.0,0.0,-100.0,-100.0,2025-11-05T13:45:08.986451+00:00
Monkey Man,2024-04-05,2024-06-01,58,,220.83,64,1575,24836051.09,1764215,1.69,0.0,-100.0,-100.0,2025-11-05T13:45:08.996321+00:00
Monkey Man,2024-04-05,2024-06-02,59,,77.94,28,1516,24836129.03,1764243,2.44,0.0,-100.0,-100.0,2025-11-05T13:45:09.008186+00:00
Monkey Man,2024-04-05,2024-06-03,60,,25.98,10,1074,24836155.01,1764253,2.36,0.0,-100.0,-100.0,2025-11-05T13:45:09.021522+00:00
Monkey Man,2024-04-05,2024-06-05,62,,64.95,20,1008,24836219.96,1764273,1.08,0.0,,,2025-11-05T13:45:09.038492+00:00
Monkey Man,2024-04-05,2024-06-06,63,,0.0,0,129,24836219.96,1764273,,0.0,-100.0,-100.0,2025-11-05T13:45:09.040791+00:00
Monkey Man,2024-04-05,2024-06-09,66,,0.0,3,258,24836219.96,1764276,,0.0,,,2025-11-05T13:45:09.046947+00:00
Monkey Man,2024-04-05,2024-06-11,68,,0.0,2,129,24836219.96,1764278,,0.0,,,2025-11-05T13:45:09.051074+00:00
Monkey Man,2024-04-05,2024-06-12,69,,0.0,0,129,24836219.96,1764278,,0.0,,,2025-11-05T13:45:09.053390+00:00
Monkey Man,2024-04-05,2025-03-06,336,,0.0,1,344,24836219.96,1764279,,0.29940119760479045,,,2025-11-05T13:45:09.055438+00:00
Monkey Man,2024-04-05,2025-03-07,337,,0.0,0,344,24836219.96,1764279,,0.0,,,2025-11-05T13:45:09.057519+00:00
Monkey Man,2024-04-05,2025-03-08,338,,0.0,5,688,24836219.96,1764284,,0.0,,,2025-11-05T13:45:09.061597+00:00
Monkey Man,2024-04-05,2025-05-28,419,,0.0,0,0,24836219.96,1764284,,,,,2025-11-05T13:45:09.063824+00:00
Twisters,2024-07-19,2024-07-18,-1,-43,13391732.9,860444,7015648,13391732.9,860444,83.57,0.03636363636363636,,,2025-11-06T20:21:27.769564+00:00
Twisters,2024-07-19,2024-07-19,1,-43,30440408.26,2063770,11580292,43832141.16,2924214,92.48,0.06070592316364582,-99.99285857919105,-99.99023759826322,2025-11-06T20:21:27.869552+00:00
Twisters,2024-07-19,2024-07-20,2,-43,39036629.4,2709896,11708720,82868770.56,5634110,94.8,0.039796595180190145,-99.99805403398358,-99.99738342935501,2025-11-06T20:21:27.972674+00:00
Twisters,2024-07-19,2024-07-21,3,-43,18509078.97,1308570,11320459,101377849.53,6942680,90.42,0.0637213254035684,-99.99741186671204,-99.99712166075746,2025-11-06T20:21:28.074014+00:00
Twisters,2024-07-19,2024-07-22,4,-11,5027.58,558,10230,101382877.11,6943238,31.5,0.0,-100.0,-100.0,2025-11-06T20:21:28.078555+00:00
Twisters,2024-07-19,2024-07-23,5,-12,11843603.67,993138,10683911,113226480.78,7936376,47.24,0.6168356295177616,2759.833756996408,1989.784946236559,2025-11-06T20:21:28.109961+00:00
Twisters,2024-07-19,2024-07-24,6,-12,7119803.32,481372,10467527,120346284.1,8417748,58.88,0.15509652750615288,-99.65236817455606,-99.72376511450541,2025-11-06T20:21:28.141273+00:00
Twisters,2024-07-19,2024-07-25,7,-47,3712616.38,291045,4052962,124058900.48,8708793,72.95,,-100.0,-100.0,2025-11-06T20:21:28.251294+00:00
Twisters,2024-07-19,2024-07-26,8,-42,5512547.58,436617,2523147,129571448.06,9145410,83.25,0.018627085743416795,-99.98131076327977,-99.97997477524319,2025-11-06T20:21:28.350508+00:00
Twisters,2024-07-19,2024-07-27,9,-58,7620963.68,617720,2531952,137192411.74,9763130,104.98,0.0,-100.0,-100.0,2025-11-06T20:21:28.466882+00:00
Twisters,2024-07-19,2024-07-28,10,-58,6173435.37,518893,2460037,143365847.11,10282023,98.16,0.0,-100.0,-100.0,2025-11-06T20:21:28.567795+00:00
Twisters,2024-07-19,2024-07-29,11,-2,5419.9,598,5510,143371267.01,10282621,26.14,0.0,-100.0,-100.0,2025-11-06T20:21:28.570031+00:00
Twisters,2024-07-19,2024-07-30,12,-11,4220828.8,429472,2307104,147592095.81,10712093,56.74,0.12662284615481292,-27.787597557150495,-32.608695652173914,2025-11-06T20:21:28.599253+00:00
Twisters,2024-07-19,2024-07-31,13,-11,2639119.35,213254,2171500,150231215.16,10925347,71.17,0.02067293983461648,-99.98133970005222,-99.98644714151521,2025-11-06T20:21:28.628322+00:00
Twisters,2024-07-19,2024-08-01,14,-11,2355327.44,189265,1843644,152586542.6,11114612,82.61,0.0049768328431152985,-99.99477052456722,-99.99530509819388,2025-11-06T20:21:28.657424+00:00
Twisters,2024-07-19,2024-08-02,15,-21,4009364.65,318850,1555006,156595907.25,11433462,79.25,,-100.0,-100.0,2025-11-06T20:21:28.668441+00:00
Twisters,2024-07-19,2024-08-03,16,-45,5762480.85,464675,1562887,162358388.1,11898137,86.62,0.0,-100.0,-100.0,2025-11-06T20:21:28.679250+00:00
Twisters,2024-07-19,2024-08-04,17,-45,4367482.25,365353,1515477,166725870.35,12263490,83.8,0.0,-100.0,-100.0,2025-11-06T20:21:28.694425+00:00
Twisters,2024-07-19,2024-08-05,18,,2432.7,270,4578,166728303.05,12263760,26.0,0.0,-100.0,-100.0,2025-11-05T13:45:12.859605+00:00
Twisters,2024-07-19,2024-08-06,19,-4,2599954.41,268745,1456874,169328257.46,12532505,59.71,,-100.0,-100.0,2025-11-06T20:21:28.700945+00:00
Twisters,2024-07-19,2024-08-07,20,-4,1540629.39,125519,1383423,170868886.85,12658024,83.13,,-100.0,-100.0,2025-11-06T20:21:28.707484+00:00
Twisters,2024-07-19,2024-08-08,21,-4,1370974.23,111083,1189674,172239861.08,12769107,75.15,0.0,-100.0,-100.0,2025-11-06T20:21:28.717008+00:00
Twisters,2024-07-19,2024-08-09,22,-4,2656392.55,209812,1192542,174896253.63,12978919,69.25,0.0,-100.0,-100.0,2025-11-06T20:21:28.720074+00:00
Twisters,2024-07-19,2024-08-10,23,,3665066.36,296492,1207390,178561319.99,13275411,67.61,,-100.0,-100.0,2025-11-05T13:45:13.047890+00:00
Twisters,2024-07-19,2024-08-11,24,,2614123.95,220242,1160897,181175443.94,13495653,54.12,,-100.0,-100.0,2025-11-05T13:45:13.078393+00:00
Twisters,2024-07-19,2024-08-12,25,,1946.16,216,3562,181177390.1,13495869,9.01,6.089653228080068,-99.92555211469602,-99.90192606314872,2025-11-05T13:45:13.080654+00:00
Twisters,2024-07-19,2024-08-13,26,,1497571.37,152398,1090091,182674961.47,13648267,59.64,0.0,-100.0,-100.0,2025-11-05T13:45:13.111236+00:00
Twisters,2024-07-19,2024-08-14,27,,805818.09,65673,1071438,183480779.56,13713940,57.36,0.0,-100.0,-100.0,2025-11-05T13:45:13.143995+00:00
Twisters,2024-07-19,2024-08-15,28,,727106.18,59610,955757,184207885.74,13773550,59.58,0.0,-100.0,-100.0,2025-11-05T13:45:13.172570+00:00
Twisters,2024-07-19,2024-08-16,29,,1583849.26,125051,953251,185791735.0,13898601,43.69,,-100.0,-100.0,2025-11-05T13:45:13.201019+00:00
Twisters,2024-07-19,2024-08-17,30,,2593685.13,210671,974345,188385420.13,14109272,44.65,,-100.0,-100.0,2025-11-05T13:45:13.227703+00:00
Twisters,2024-07-19,2024-08-18,31,,1710411.65,144477,950760,190095831.78,14253749,48.64,,-100.0,-100.0,2025-11-05T13:45:13.260334+00:00
Twisters,2024-07-19,2024-08-19,32,,1018.13,113,3427,190096849.91,14253862,9.01,3.303127740426776,-99.94047456353563,-99.92178685880798,2025-11-05T13:45:13.262597+00:00
Twisters,2024-07-19,2024-08-20,33,,892360.53,91661,898032,190989210.44,14345523,40.3,,-100.0,-100.0,2025-11-05T13:45:13.292874+00:00
Twisters,2024-07-19,2024-08-21,34,,450902.94,37192,869151,191440113.38,14382715,46.28,,-100.0,-100.0,2025-11-05T13:45:13.323819+00:00
Twisters,2024-07-19,2024-08-22,35,,385132.34,31368,781175,191825245.72,14414083,50.81,,-100.0,-100.0,2025-11-05T13:45:13.354616+00:00
Twisters,2024-07-19,2024-08-23,36,,926420.54,73253,812335,192751666.26,14487336,51.6,,-100.0,-100.0,2025-11-05T13:45:13.387515+00:00
Twisters,2024-07-19,2024-08-24,37,,1612103.1,130863,828683,194363769.36,14618199,49.8,,-100.0,-100.0,2025-11-05T13:45:13.422636+00:00
Twisters,2024-07-19,2024-08-25,38,-51,952485.49,81751,774824,195316254.85,14699950,51.74,0.0,-100.0,-100.0,2025-11-06T20:21:28.728417+00:00
Twisters,2024-07-19,2024-08-26,39,,360.4,40,3360,195316615.25,14699990,9.01,1.2008405884118885,-99.96216215325234,-99.95107093491211,2025-11-05T13:45:13.468866+00:00
Twisters,2024-07-19,2024-08-27,40,,537449.97,56466,734206,195854065.22,14756456,51.65,,-100.0,-100.0,2025-11-05T13:45:13.501621+00:00
Twisters,2024-07-19,2024-08-28,41,,283088.13,23112,708782,196137153.35,14779568,48.73,,-100.0,-100.0,2025-11-05T13:45:13.537584+00:00
Twisters,2024-07-19,2024-08-29,42,,250323.8,20247,690237,196387477.15,14799815,48.0,,-100.0,-100.0,2025-11-05T13:45:13.576871+00:00
Twisters,2024-07-19,2024-08-30,43,,1207915.64,74962,1114827,197595392.79,14874777,79.38,9.401169221045977,-82.45346627048646,-91.183879093199,2025-11-05T13:45:13.641607+00:00
Twisters,2024-07-19,2024-08-31,44,,2009952.88,130730,1145659,199605345.67,15005507,75.08,16.08484104114507,-93.31372263712058,-95.45769856727408,2025-11-05T13:45:13.710783+00:00
Twisters,2024-07-19,2024-09-01,45,,2003723.6,132059,1125228,201609069.27,15137566,84.28,8.741932376456989,-97.86865799560435,-98.61164231622428,2025-11-05T13:45:13.779899+00:00
Twisters,2024-07-19,2024-09-02,46,,1596466.75,109609,1032876,203205536.02,15247175,94.26,4.651792483483158,-99.02125472794751,-99.34953316320735,2025-11-05T13:45:13.851212+00:00
Twisters,2024-07-19,2024-09-03,47,,684352.56,47519,983463,203889888.58,15294694,86.63,0.0,-100.0,-100.0,2025-11-05T13:45:13.920449+00:00
Twisters,2024-07-19,2024-09-04,48,,458151.66,25196,889016,204348040.24,15319890,67.78,10.322707337828108,-94.27491145791869,-96.68132746901239,2025-11-05T13:45:13.989984+00:00
Twisters,2024-07-19,2024-09-05,49,,218916.65,13938,542920,204566956.89,15333828,79.19,3.9925719591457756,-98.76672060950298,-98.97602794094301,2025-11-05T13:45:14.062015+00:00
Twisters,2024-07-19,2024-09-06,50,,309592.44,24149,450454,204876549.33,15357977,145.05,0.0,-100.0,-100.0,2025-11-05T13:45:14.095355+00:00
Twisters,2024-07-19,2024-09-07,51,,629516.81,50365,459088,205506066.14,15408342,41.92,,-100.0,-100.0,2025-11-05T13:45:14.112929+00:00
Twisters,2024-07-19,2024-09-08,52,,303157.83,25661,440644,205809223.97,15434003,42.3,,-100.0,-100.0,2025-11-05T13:45:14.130540+00:00
Twisters,2024-07-19,2024-09-09,53,,90.1,10,1340,205809314.07,15434013,9.01,0.7473841554559043,-99.97027950754233,-99.96103035735162,2025-11-05T13:45:14.132865+00:00
Twisters,2024-07-19,2024-09-10,54,,150475.4,16351,406570,205959789.47,15450364,36.87,,-100.0,-100.0,2025-11-05T13:45:14.152345+00:00
Twisters,2024-07-19,2024-09-11,55,,97324.79,7887,392898,206057114.26,15458251,42.26,,-100.0,-100.0,2025-11-05T13:45:14.176566+00:00
Twisters,2024-07-19,2024-09-12,56,,76776.21,6129,283916,206133890.47,15464380,40.93,,-100.0,-100.0,2025-11-05T13:45:14.200843+00:00
Twisters,2024-07-19,2024-09-13,57,,160123.13,12487,213400,206294013.6,15476867,40.0,,-100.0,-100.0,2025-11-05T13:45:14.211807+00:00
Twisters,2024-07-19,2024-09-14,58,,295445.75,23635,217309,206589459.35,15500502,47.23,,-100.0,-100.0,2025-11-05T13:45:14.229346+00:00
Twisters,2024-07-19,2024-09-15,59,,143921.67,12180,204545,206733381.02,15512682,45.85,,-100.0,-100.0,2025-11-05T13:45:14.244839+00:00
Twisters,2024-07-19,2024-09-17,61,,87877.61,9450,204783,206821258.63,15522132,39.99,,,,2025-11-05T13:45:14.269004+00:00
Twisters,2024-07-19,2024-09-18,62,,47923.32,3999,183108,206869181.95,15526131,39.51,,-100.0,-100.0,2025-11-05T13:45:14.293752+00:00
Twisters,2024-07-19,2024-09-19,63,,33510.61,2889,153637,206902692.56,15529020,45.3,,-100.0,-100.0,2025-11-05T13:45:14.321900+00:00
Twisters,2024-07-19,2024-09-20,64,,62292.54,4995,85587,206964985.1,15534015,36.5,,-100.0,-100.0,2025-11-05T13:45:14.333663+00:00
Twisters,2024-07-19,2024-09-21,65,,114248.09,9411,82278,207079233.19,15543426,39.36,,-100.0,-100.0,2025-11-05T13:45:14.347975+00:00
Twisters,2024-07-19,2024-09-22,66,,61133.62,5260,78232,207140366.81,15548686,37.48,,-100.0,-100.0,2025-11-05T13:45:14.364819+00:00
Twisters,2024-07-19,2024-09-23,67,,21238.67,1831,75481,207161605.48,15550517,33.49,,-100.0,-100.0,2025-11-05T13:45:14.384068+00:00
Twisters,2024-07-19,2024-09-24,68,,35018.56,4021,78917,207196624.04,15554538,33.31,0.0,-100.0,-100.0,2025-11-05T13:45:14.408396+00:00
Twisters,2024-07-19,2024-09-25,69,,19932.77,1693,71705,207216556.81,15556231,36.5,,-100.0,-100.0,2025-11-05T13:45:14.432768+00:00
Twisters,2024-07-19,2024-09-26,70,,14409.89,1272,46921,207230966.7,15557503,36.45,,-100.0,-100.0,2025-11-05T13:45:14.459499+00:00
Twisters,2024-07-19,2024-09-27,71,,19037.85,1662,25375,207250004.55,15559165,33.16,,-100.0,-100.0,2025-11-05T13:45:14.471570+00:00
Twisters,2024-07-19,2024-09-28,72,,33542.56,2848,26302,207283547.11,15562013,36.58,,-100.0,-100.0,2025-11-05T13:45:14.486345+00:00
Twisters,2024-07-19,2024-09-29,73,,17186.26,1465,23019,207300733.37,15563478,31.09,,-100.0,-100.0,2025-11-05T13:45:14.503211+00:00
Twisters,2024-07-19,2024-09-30,74,,6012.4,528,21374,207306745.77,15564006,29.29,,-100.0,-100.0,2025-11-05T13:45:14.522534+00:00
Twisters,2024-07-19,2024-10-01,75,,8089.11,1087,23257,207314834.88,15565093,26.69,,-100.0,-100.0,2025-11-05T13:45:14.544425+00:00
Twisters,2024-07-19,2024-10-02,76,,4387.68,389,21127,207319222.56,15565482,32.56,,-100.0,-100.0,2025-11-05T13:45:14.568710+00:00
Twisters,2024-07-19,2024-10-03,77,,3740.92,363,15342,207322963.48,15565845,23.72,,-100.0,-100.0,2025-11-05T13:45:14.595126+00:00
Twisters,2024-07-19,2024-10-04,78,,4571.57,407,10250,207327535.05,15566252,34.98,,-100.0,-100.0,2025-11-05T13:45:14.606294+00:00
Twisters,2024-07-19,2024-10-05,79,,8102.45,724,10121,207335637.5,15566976,34.74,,-100.0,-100.0,2025-11-05T13:45:14.619807+00:00
Twisters,2024-07-19,2024-10-06,80,,3892.59,372,9995,207339530.09,15567348,26.9,,-100.0,-100.0,2025-11-05T13:45:14.636865+00:00
Twisters,2024-07-19,2024-10-07,81,,1494.65,135,8873,207341024.74,15567483,28.67,,-100.0,-100.0,2025-11-05T13:45:14.656586+00:00
Twisters,2024-07-19,2024-10-08,82,,1922.67,244,8811,207342947.41,15567727,23.45,,-100.0,-100.0,2025-11-05T13:45:14.678792+00:00
Twisters,2024-07-19,2024-10-09,83,,1459.03,130,7813,207344406.44,15567857,27.27,,-100.0,-100.0,2025-11-05T13:45:14.703570+00:00
Twisters,2024-07-19,2024-10-10,84,,1203.04,107,4715,207345609.48,15567964,25.95,,-100.0,-100.0,2025-11-05T13:45:14.730935+00:00
Twisters,2024-07-19,2024-10-11,85,,815.1,75,3046,207346424.58,15568039,27.06,0.0,-100.0,-100.0,2025-11-05T13:45:14.740786+00:00
Twisters,2024-07-19,2024-10-12,86,,3368.46,322,4311,207349793.04,15568361,33.11,0.0,-100.0,-100.0,2025-11-05T13:45:14.753168+00:00
Twisters,2024-07-19,2024-10-13,87,,1315.53,135,3719,207351108.57,15568496,30.3,0.0,-100.0,-100.0,2025-11-05T13:45:14.768021+00:00
Twisters,2024-07-19,2024-10-15,89,,347.58,50,3820,207351456.15,15568546,20.72,0.0,,,2025-11-05T13:45:14.787303+00:00
Twisters,2024-07-19,2024-10-16,90,,359.6,40,3763,207351815.75,15568586,28.9,0.0,-100.0,-100.0,2025-11-05T13:45:14.809569+00:00
Twisters,2024-07-19,2024-10-17,91,,463.17,50,3759,207352278.92,15568636,30.99,,-100.0,-100.0,2025-11-05T13:45:14.834425+00:00
Twisters,2024-07-19,2024-10-18,92,,895.98,82,1756,207353174.9,15568718,32.44,,-100.0,-100.0,2025-11-05T13:45:14.846841+00:00
Twisters,2024-07-19,2024-10-19,93,,1207.94,119,1735,207354382.84,15568837,32.36,,-100.0,-100.0,2025-11-05T13:45:14.860972+00:00
Twisters,2024-07-19,2024-10-20,94,,409.33,45,1397,207354792.17,15568882,27.64,,-100.0,-100.0,2025-11-05T13:45:14.876577+00:00
Twisters,2024-07-19,2024-10-21,95,,138.75,15,1326,207354930.92,15568897,23.86,,-100.0,-100.0,2025-11-05T13:45:14.894486+00:00
Twisters,2024-07-19,2024-10-22,96,,120.46,16,1475,207355051.38,15568913,22.15,,-100.0,-100.0,2025-11-05T13:45:14.914688+00:00
Twisters,2024-07-19,2024-10-23,97,,339.75,36,1552,207355391.13,15568949,30.43,,-100.0,-100.0,2025-11-05T13:45:14.937176+00:00
Twisters,2024-07-19,2024-10-24,98,,167.98,17,1337,207355559.11,15568966,16.95,,-100.0,-100.0,2025-11-05T13:45:14.959593+00:00
Twisters,2024-07-19,2024-10-25,99,,659.59,60,1773,207356218.7,15569026,27.87,0.0,-100.0,-100.0,2025-11-05T13:45:14.968652+00:00
Twisters,2024-07-19,2024-10-26,100,,853.38,84,1974,207357072.08,15569110,28.58,0.0,-100.0,-100.0,2025-11-05T13:45:14.980032+00:00
Twisters,2024-07-19,2024-10-27,101,,550.18,55,1647,207357622.26,15569165,26.98,0.0,-100.0,-100.0,2025-11-05T13:45:14.993552+00:00
Twisters,2024-07-19,2024-10-28,102,,172.66,17,1557,207357794.92,15569182,19.12,0.0,-100.0,-100.0,2025-11-05T13:45:15.009370+00:00
Twisters,2024-07-19,2024-10-29,103,,233.24,31,1638,207358028.16,15569213,19.54,0.0,-100.0,-100.0,2025-11-05T13:45:15.029365+00:00
Twisters,2024-07-19,2024-10-30,104,,153.78,15,1336,207358181.94,15569228,23.82,0.0,-100.0,-100.0,2025-11-05T13:45:15.051788+00:00
Twisters,2024-07-19,2024-10-31,105,,124.91,12,1395,207358306.85,15569240,16.5,,-100.0,-100.0,2025-11-05T13:45:15.065474+00:00
Twisters,2024-07-19,2024-11-01,106,,693.74,59,1633,207359000.59,15569299,15.59,,-100.0,-100.0,2025-11-05T13:45:15.074368+00:00
Twisters,2024-07-19,2024-11-02,107,,705.86,66,1323,207359706.45,15569365,29.48,,-100.0,-100.0,2025-11-05T13:45:15.085761+00:00
Twisters,2024-07-19,2024-11-03,108,,428.3,37,1398,207360134.75,15569402,28.37,,-100.0,-100.0,2025-11-05T13:45:15.099295+00:00
Twisters,2024-07-19,2024-11-04,109,,215.66,20,1416,207360350.41,15569422,24.98,,-100.0,-100.0,2025-11-05T13:45:15.115224+00:00
Twisters,2024-07-19,2024-11-05,110,,167.9,21,1416,207360518.31,15569443,26.36,,-100.0,-100.0,2025-11-05T13:45:15.133206+00:00
Twisters,2024-07-19,2024-11-06,111,,132.01,13,1220,207360650.32,15569456,22.07,,-100.0,-100.0,2025-11-05T13:45:15.153523+00:00
Twisters,2024-07-19,2024-11-07,112,,70.44,6,1286,207360720.76,15569462,18.78,,-100.0,-100.0,2025-11-05T13:45:15.167014+00:00
Twisters,2024-07-19,2024-11-08,113,,50365.73,2152,37449,207411086.49,15571614,114.2,0.0,-100.0,-100.0,2025-11-05T13:45:15.187560+00:00
Twisters,2024-07-19,2024-11-09,114,,88323.25,3978,35932,207499409.74,15575592,129.3,0.0,-100.0,-100.0,2025-11-05T13:45:15.210049+00:00
Twisters,2024-07-19,2024-11-10,115,,59298.83,2610,25728,207558708.57,15578202,124.95,0.0,-100.0,-100.0,2025-11-05T13:45:15.232173+00:00
Twisters,2024-07-19,2024-11-11,116,,40038.49,1760,32767,207598747.06,15579962,133.22,0.0,-100.0,-100.0,2025-11-05T13:45:15.258888+00:00
Twisters,2024-07-19,2024-11-12,117,,30110.43,1332,30828,207628857.49,15581294,124.92,0.0,-100.0,-100.0,2025-11-05T13:45:15.285372+00:00
Twisters,2024-07-19,2024-11-13,118,,26140.53,1132,32207,207654998.02,15582426,116.71,0.0,-100.0,-100.0,2025-11-05T13:45:15.314070+00:00
Twisters,2024-07-19,2024-11-14,119,,5401.16,256,9466,207660399.18,15582682,98.96,0.0,-100.0,-100.0,2025-11-05T13:45:15.340398+00:00
Twisters,2024-07-19,2024-11-15,120,,196.25,17,552,207660595.43,15582699,17.43,0.0,-100.0,-100.0,2025-11-05T13:45:15.347186+00:00
Twisters,2024-07-19,2024-11-16,121,,512.25,50,712,207661107.68,15582749,10.39,0.0,-100.0,-100.0,2025-11-05T13:45:15.355883+00:00
Twisters,2024-07-19,2024-11-17,122,,285.5,25,667,207661393.18,15582774,11.33,0.0,-100.0,-100.0,2025-11-05T13:45:15.364550+00:00
Twisters,2024-07-19,2024-11-18,123,,88.5,8,511,207661481.68,15582782,27.38,0.0,-100.0,-100.0,2025-11-05T13:45:15.371072+00:00
Twisters,2024-07-19,2024-11-19,124,,59.73,7,632,207661541.41,15582789,19.56,0.0,-100.0,-100.0,2025-11-05T13:45:15.377617+00:00
Twisters,2024-07-19,2024-11-20,125,,47.75,5,602,207661589.16,15582794,22.3,0.0,-100.0,-100.0,2025-11-05T13:45:15.384156+00:00
Twisters,2024-07-19,2024-11-21,126,,73.5,9,327,207661662.66,15582803,30.78,0.0,-100.0,-100.0,2025-11-05T13:45:15.395145+00:00
Twisters,2024-07-19,2024-11-22,127,,149.25,15,242,207661811.91,15582818,9.25,0.0,-100.0,-100.0,2025-11-05T13:45:15.401598+00:00
Twisters,2024-07-19,2024-11-23,128,,64.5,6,242,207661876.41,15582824,10.75,0.0,-100.0,-100.0,2025-11-05T13:45:15.408033+00:00
Twisters,2024-07-19,2024-11-24,129,,32.25,3,242,207661908.66,15582827,19.5,0.0,-100.0,-100.0,2025-11-05T13:45:15.416760+00:00
Twisters,2024-07-19,2024-11-25,130,,15.5,2,242,207661924.16,15582829,17.0,0.0,-100.0,-100.0,2025-11-05T13:45:15.421028+00:00
Twisters,2024-07-19,2024-11-26,131,,46.5,6,121,207661970.66,15582835,12.92,1.6528925619834711,0.0,0.0,2025-11-05T13:45:15.425314+00:00
Twisters,2024-07-19,2024-11-27,132,,0.0,0,0,207661970.66,15582835,,,-100.0,-100.0,2025-11-05T13:45:15.427629+00:00
Twisters,2024-07-19,2025-03-08,233,,480.0,160,304,207662450.66,15582995,11.96,0.0,,,2025-11-05T13:45:15.444956+00:00
Twisters,2024-07-19,2025-08-02,380,,270.0,90,264,207662720.66,15583085,10.98,0.0,,,2025-11-05T13:45:15.455640+00:00
Twisters,2024-07-19,2025-08-03,381,,234.0,78,264,207662954.66,15583163,12.37,0.0,-100.0,-100.0,2025-11-05T13:45:15.468722+00:00
Twisters,2024-07-19,2025-10-01,440,,0.0,0,222,207662954.66,15583163,16.75,0.0,,,2025-11-05T13:45:15.470921+00:00
Twisters,2024-07-19,2025-10-02,441,,0.0,0,222,207662954.66,15583163,16.75,0.0,,,2025-11-05T13:45:15.472938+00:00
Twisters,2025-10-17,2025-09-17,-30,-45,0.0,0,0,0.0,0,,,,,2025-11-06T20:21:29.607755+00:00
Twisters,2025-10-17,2025-09-18,-29,-45,0.0,0,0,0.0,0,,,,,2025-11-06T20:21:29.609403+00:00
Twisters,2025-10-17,2025-09-19,-28,-45,292.0,16,444,292.0,16,58.59,,,,2025-11-06T20:21:29.616251+00:00
Twisters,2025-10-17,2025-09-20,-27,-45,547.5,30,444,839.5,46,64.54,,,,2025-11-06T20:21:29.631271+00:00
Twisters,2025-10-17,2025-09-21,-26,-45,0.0,0,444,839.5,46,18.25,,,,2025-11-06T20:21:29.635397+00:00
Twisters,2025-10-17,2025-09-22,-25,-30,73.0,4,444,912.5,50,45.63,0.0,,,2025-11-06T20:21:29.638146+00:00
Twisters,2025-10-17,2025-09-23,-24,-31,176.0,16,444,1088.5,66,27.5,0.0,,,2025-11-06T20:21:29.642258+00:00
Twisters,2025-10-17,2025-09-24,-23,-28,73.0,4,444,1161.5,70,45.63,0.0,,,2025-11-06T20:21:29.645056+00:00
Twisters,2025-10-17,2025-09-26,-21,-24,0.0,0,444,1161.5,70,16.75,0.0,,,2025-11-06T20:21:29.647774+00:00
Twisters,2025-10-17,2025-09-27,-20,-24,146.0,8,222,1307.5,78,45.63,0.0,,,2025-11-06T20:21:29.650471+00:00
Twisters,2025-10-17,2025-09-28,-19,-23,0.0,0,222,1307.5,78,18.25,0.0,,,2025-11-06T20:21:29.651864+00:00
Twisters,2025-10-17,2025-09-29,-18,-23,36.5,2,444,1344.0,80,44.13,0.0,,,2025-11-06T20:21:29.654600+00:00
Twisters,2025-10-17,2025-09-30,-17,-23,66.0,6,444,1410.0,86,27.5,0.0,,,2025-11-06T20:21:29.657323+00:00
